lid,aid,ninters
1032,0,2
1032,1,3
1032,2,5
1032,3,3
1032,4,3
1033,0,3
1033,1,3
1033,2,5
1033,3,3
1033,4,3
1034,0,3
1034,1,3
1034,2,5
1034,3,3
1034,4,3
1035,0,3
1035,1,3
1035,2,11
1035,3,3
1035,4,3
1036,0,3
1036,1,3
1036,2,5
1036,3,3
1036,4,3
1037,0,3
1037,1,5
1037,2,5
1037,3,3
1037,4,3
1038,0,3
1038,1,5
1038,2,3
1038,3,3
1038,4,3
1039,0,3
1039,1,5
1039,2,3
1039,3,3
1039,4,3
1040,0,3
1040,1,4
1040,2,3
1040,3,3
1040,4,3
1041,0,3
1041,1,4
1041,2,3
1041,3,3
1041,4,3
1042,0,3
1042,1,4
1042,2,3
1042,3,3
1042,4,3
1043,0,3
1043,2,3
1043,3,3
1043,4,3
1044,0,5
1044,1,2
1044,2,3
1044,3,3
1044,4,3
1045,0,7
1045,1,3
1045,2,3
1045,3,3
1045,4,3
1046,0,7
1046,1,3
1046,2,3
1046,3,3
1046,4,3
1047,0,8
1047,1,4
1047,2,5
1047,3,3
1047,4,3
1048,0,8
1048,1,6
1048,2,5
1048,3,3
1048,4,5
1049,0,8
1049,1,13
1049,2,7
1049,3,3
1049,4,3
1050,0,8
1050,1,7
1050,2,4
1050,3,3
1050,4,3
1051,0,7
1051,1,8
1051,2,4
1051,3,3
1051,4,3
1052,0,7
1052,1,10
1052,2,6
1052,3,3
1052,4,3
1053,0,7
1053,1,11
1053,2,3
1053,3,3
1053,4,3
1054,0,7
1054,1,11
1054,2,6
1054,3,3
1054,4,5
1055,0,3
1055,1,11
1055,2,9
1055,3,3
1055,4,3
1056,0,3
1056,1,15
1056,2,12
1056,3,3
1056,4,3
1057,0,3
1057,1,3
1057,2,12
1057,3,3
1057,4,3
1058,0,3
1058,1,5
1058,2,11
1058,3,3
1058,4,3
1059,0,3
1059,1,3
1059,2,9
1059,3,3
1059,4,3
1060,0,3
1060,1,5
1060,2,7
1060,3,3
1060,4,3
1061,0,3
1061,1,3
1061,2,3
1061,3,3
1061,4,3
1062,0,3
1062,1,3
1062,2,4
1062,3,3
1062,4,3
1063,0,3
1063,1,3
1063,2,4
1063,3,3
1063,4,3
1115,0,3
1115,1,3
1115,2,7
1115,3,3
1115,4,3
1116,0,3
1116,1,3
1116,2,5
1116,3,3
1116,4,3
1117,0,3
1117,1,3
1117,2,5
1117,3,3
1117,4,3
1118,0,3
1118,1,7
1118,2,9
1118,3,3
1118,4,3
1119,0,3
1119,1,7
1119,2,5
1119,3,3
1119,4,3
1120,0,3
1120,1,7
1120,2,5
1120,3,3
1120,4,3
1121,0,3
1121,1,9
1121,2,5
1121,3,3
1121,4,3
1122,0,3
1122,1,9
1122,2,5
1122,3,7
1122,4,3
1123,0,3
1123,1,9
1123,2,5
1123,3,7
1123,4,3
1124,0,3
1124,1,10
1124,2,3
1124,3,7
1124,4,3
1125,0,3
1125,1,10
1125,2,3
1125,3,7
1125,4,3
1126,0,3
1126,1,10
1126,2,3
1126,3,7
1126,4,3
1127,0,3
1127,1,10
1127,2,3
1127,3,7
1127,4,3
1128,0,7
1128,1,10
1128,2,3
1128,3,7
1128,4,3
1129,0,7
1129,1,9
1129,2,3
1129,3,7
1129,4,3
1130,0,8
1130,1,9
1130,2,3
1130,3,7
1130,4,3
1131,0,8
1131,1,9
1131,2,5
1131,3,7
1131,4,5
1132,0,11
1132,1,4
1132,2,5
1132,3,7
1132,4,7
1133,0,10
1133,1,11
1133,2,7
1133,3,9
1133,4,5
1134,0,14
1134,1,5
1134,2,4
1134,3,9
1134,4,6
1135,0,11
1135,1,2
1135,2,5
1135,3,9
1135,4,5
1136,0,7
1136,1,6
1136,2,5
1136,3,9
1136,4,5
1137,0,7
1137,1,6
1137,2,2
1137,3,9
1137,4,7
1138,0,5
1138,1,9
1138,2,3
1138,3,9
1138,4,7
1139,0,3
1139,1,6
1139,2,8
1139,3,11
1139,4,3
1140,0,3
1140,1,5
1140,2,12
1140,3,9
1140,4,3
1141,0,3
1141,1,5
1141,2,11
1141,3,9
1141,4,3
1142,0,3
1142,1,7
1142,2,9
1142,3,7
1142,4,3
1143,0,3
1143,1,7
1143,2,7
1143,3,7
1143,4,3
1144,0,3
1144,1,9
1144,2,5
1144,3,7
1144,4,3
1145,0,3
1145,1,9
1145,2,2
1145,3,9
1145,4,3
1146,0,3
1146,1,9
1146,2,4
1146,3,9
1146,4,3
1147,0,3
1147,1,3
1147,2,4
1147,3,9
1147,4,3
1199,0,3
1199,1,3
1199,2,5
1199,3,3
1199,4,3
1200,0,3
1200,1,3
1200,2,5
1200,3,3
1200,4,3
1201,0,3
1201,1,11
1201,2,5
1201,3,3
1201,4,3
1202,0,3
1202,1,3
1202,2,13
1202,3,3
1202,4,3
1203,0,3
1203,1,3
1203,2,5
1203,3,3
1203,4,3
1204,0,3
1204,1,3
1204,2,6
1204,3,7
1204,4,3
1205,0,3
1205,1,5
1205,2,5
1205,3,7
1205,4,3
1206,0,3
1206,1,5
1206,2,5
1206,3,7
1206,4,3
1207,0,3
1207,1,5
1207,2,4
1207,3,7
1207,4,3
1208,0,3
1208,1,6
1208,2,4
1208,3,7
1208,4,3
1209,0,3
1209,1,6
1209,2,4
1209,3,5
1209,4,3
1210,0,3
1210,1,6
1210,2,4
1210,3,5
1210,4,3
1211,0,5
1211,1,6
1211,2,4
1211,3,5
1211,4,3
1212,0,7
1212,1,8
1212,2,4
1212,3,5
1212,4,3
1213,0,7
1213,1,5
1213,2,4
1213,3,5
1213,4,3
1214,0,8
1214,1,5
1214,2,3
1214,3,5
1214,4,5
1215,0,11
1215,1,9
1215,2,4
1215,3,5
1215,4,7
1216,0,11
1216,1,6
1216,2,3
1216,3,5
1216,4,7
1217,0,9
1217,1,11
1217,2,8
1217,3,9
1217,4,6
1218,0,11
1218,1,7
1218,2,3
1218,3,7
1218,4,6
1219,0,9
1219,1,7
1219,2,5
1219,3,7
1219,4,5
1220,0,9
1220,1,5
1220,2,5
1220,3,7
1220,4,9
1221,0,9
1221,1,9
1221,2,2
1221,3,9
1221,4,5
1222,0,7
1222,1,8
1222,2,3
1222,3,9
1222,4,5
1223,0,3
1223,1,6
1223,2,8
1223,3,13
1223,4,3
1224,0,3
1224,1,3
1224,2,11
1224,3,9
1224,4,3
1225,0,3
1225,1,3
1225,2,13
1225,3,10
1225,4,3
1226,0,3
1226,1,5
1226,2,9
1226,3,12
1226,4,3
1227,0,3
1227,1,5
1227,2,7
1227,3,12
1227,4,3
1228,0,3
1228,1,5
1228,2,6
1228,3,11
1228,4,3
1229,0,3
1229,1,5
1229,2,4
1229,3,9
1229,4,3
1230,0,3
1230,1,3
1230,2,4
1230,3,9
1230,4,3
1231,0,3
1231,1,3
1231,2,4
1231,3,9
1231,4,3
1282,0,7
1282,1,4
1282,2,7
1282,3,3
1282,4,3
1283,0,7
1283,1,4
1283,2,5
1283,3,3
1283,4,3
1284,0,7
1284,1,4
1284,2,5
1284,3,3
1284,4,3
1285,0,7
1285,1,5
1285,2,9
1285,3,13
1285,4,3
1286,0,7
1286,1,4
1286,2,3
1286,3,15
1286,4,3
1287,0,7
1287,1,4
1287,2,5
1287,3,15
1287,4,3
1288,0,7
1288,1,3
1288,2,6
1288,3,15
1288,4,3
1289,0,7
1289,1,6
1289,2,5
1289,3,15
1289,4,3
1290,0,7
1290,1,5
1290,2,5
1290,3,15
1290,4,3
1291,0,7
1291,1,6
1291,2,4
1291,3,15
1291,4,3
1292,0,13
1292,1,6
1292,2,4
1292,3,15
1292,4,3
1293,0,9
1293,1,6
1293,2,4
1293,3,13
1293,4,3
1294,0,7
1294,1,6
1294,2,4
1294,3,13
1294,4,3
1295,0,10
1295,1,6
1295,2,4
1295,3,13
1295,4,3
1296,0,9
1296,1,8
1296,2,4
1296,3,13
1296,4,3
1297,0,9
1297,1,5
1297,2,4
1297,3,13
1297,4,3
1298,0,10
1298,1,5
1298,2,4
1298,3,13
1298,4,9
1299,0,13
1299,1,6
1299,2,3
1299,3,13
1299,4,7
1300,0,10
1300,1,7
1300,2,4
1300,3,13
1300,4,8
1301,0,14
1301,1,13
1301,2,8
1301,3,15
1301,4,6
1302,0,12
1302,1,10
1302,2,3
1302,3,17
1302,4,9
1303,0,7
1303,1,10
1303,2,6
1303,3,20
1303,4,7
1304,0,6
1304,1,8
1304,2,6
1304,3,19
1304,4,11
1305,0,9
1305,1,10
1305,2,3
1305,3,21
1305,4,11
1306,0,7
1306,1,9
1306,2,6
1306,3,21
1306,4,5
1307,0,5
1307,1,7
1307,2,8
1307,3,22
1307,4,3
1308,0,7
1308,1,6
1308,2,13
1308,3,22
1308,4,3
1309,0,7
1309,1,4
1309,2,19
1309,3,24
1309,4,3
1310,0,5
1310,1,5
1310,2,9
1310,3,24
1310,4,3
1311,0,7
1311,1,5
1311,2,9
1311,3,20
1311,4,3
1312,0,5
1312,1,5
1312,2,6
1312,3,20
1312,4,3
1313,0,5
1313,1,4
1313,2,4
1313,3,19
1313,4,7
1314,0,3
1314,1,3
1314,2,4
1314,3,19
1314,4,3
1315,0,3
1315,1,5
1315,2,4
1315,3,19
1315,4,3
1327,0,2
1327,1,7
1327,2,3
1327,3,2
1327,4,2
1328,0,2
1328,1,11
1328,2,3
1328,3,2
1328,4,2
1329,0,2
1329,1,11
1329,2,3
1329,3,2
1329,4,2
1366,0,5
1366,1,6
1366,2,5
1366,3,3
1366,4,3
1367,0,5
1367,1,6
1367,2,5
1367,3,3
1367,4,3
1368,0,6
1368,1,12
1368,2,5
1368,3,3
1368,4,3
1369,0,5
1369,1,4
1369,2,9
1369,3,3
1369,4,3
1370,0,5
1370,1,4
1370,2,5
1370,3,3
1370,4,3
1371,0,5
1371,1,4
1371,2,7
1371,3,3
1371,4,3
1372,0,5
1372,1,4
1372,2,6
1372,3,3
1372,4,3
1373,0,5
1373,1,4
1373,2,6
1373,3,3
1373,4,3
1374,0,5
1374,1,5
1374,2,4
1374,3,3
1374,4,3
1375,0,5
1375,1,6
1375,2,6
1375,3,3
1375,4,3
1376,0,13
1376,1,6
1376,2,5
1376,4,3
1377,0,9
1377,1,6
1377,2,5
1377,4,3
1378,0,9
1378,1,6
1378,2,5
1378,4,3
1379,0,8
1379,1,6
1379,2,5
1379,4,3
1380,0,9
1380,1,8
1380,2,5
1380,4,3
1381,0,8
1381,1,5
1381,2,5
1381,4,3
1382,0,9
1382,1,5
1382,2,5
1382,4,7
1383,0,9
1383,1,6
1383,2,6
1383,4,9
1384,0,8
1384,1,5
1384,2,7
1384,4,9
1385,0,11
1385,1,7
1385,2,7
1385,3,3
1385,4,9
1386,0,6
1386,1,8
1386,2,4
1386,3,5
1386,4,9
1387,0,5
1387,1,7
1387,2,8
1387,3,9
1387,4,9
1388,0,5
1388,1,8
1388,2,8
1388,3,9
1388,4,13
1389,0,5
1389,1,9
1389,2,5
1389,3,10
1389,4,9
1390,0,3
1390,1,8
1390,2,7
1390,3,10
1390,4,5
1391,0,7
1391,1,9
1391,2,10
1391,3,12
1391,4,3
1392,0,7
1392,1,9
1392,2,16
1392,3,19
1392,4,3
1393,0,7
1393,1,11
1393,2,15
1393,3,9
1393,4,3
1394,0,5
1394,1,5
1394,2,9
1394,3,9
1394,4,3
1395,0,7
1395,1,7
1395,2,11
1395,3,9
1395,4,3
1396,0,5
1396,1,7
1396,2,6
1396,3,10
1396,4,3
1397,0,3
1397,1,5
1397,2,3
1397,3,7
1397,4,7
1398,0,5
1398,1,3
1398,2,4
1398,3,7
1398,4,7
1399,0,5
1399,1,5
1399,2,4
1399,3,5
1399,4,3
1411,0,2
1411,1,7
1411,2,3
1411,3,3
1411,4,2
1412,0,2
1412,1,7
1412,2,3
1412,3,2
1412,4,2
1413,0,2
1413,1,7
1413,2,3
1413,3,2
1413,4,2
1414,0,2
1414,1,7
1414,2,7
1414,3,2
1414,4,2
1415,0,2
1415,1,7
1415,2,7
1415,3,2
1415,4,2
1416,0,2
1416,1,7
1416,2,5
1416,3,2
1416,4,2
1417,0,2
1417,1,9
1417,2,7
1417,3,5
1417,4,2
1449,0,5
1449,1,4
1449,2,7
1449,3,3
1449,4,3
1450,0,5
1450,1,5
1450,2,5
1450,3,3
1450,4,3
1451,0,5
1451,1,5
1451,2,5
1451,3,3
1451,4,3
1452,0,5
1452,1,9
1452,2,11
1452,3,3
1452,4,7
1453,0,3
1453,1,7
1453,2,7
1453,3,5
1453,4,5
1454,0,3
1454,1,7
1454,2,7
1454,3,5
1454,4,5
1455,0,3
1455,1,3
1455,2,9
1455,3,5
1455,4,5
1456,0,3
1456,1,3
1456,2,5
1456,3,5
1456,4,5
1457,0,3
1457,1,5
1457,2,4
1457,3,5
1457,4,5
1458,0,3
1458,1,3
1458,2,2
1458,3,5
1458,4,5
1459,0,5
1459,1,3
1459,2,4
1459,3,5
1459,4,5
1460,0,11
1460,1,3
1460,2,3
1460,3,3
1460,4,5
1461,0,7
1461,1,5
1461,2,3
1461,3,3
1461,4,5
1462,0,7
1462,1,5
1462,2,3
1462,3,3
1462,4,5
1463,0,8
1463,1,5
1463,2,3
1463,3,3
1463,4,7
1464,0,4
1464,1,7
1464,2,5
1464,3,3
1464,4,5
1465,0,6
1465,1,5
1465,2,5
1465,3,3
1465,4,5
1466,0,6
1466,1,6
1466,2,5
1466,3,2
1466,4,7
1467,0,5
1467,1,8
1467,2,5
1467,4,8
1468,0,10
1468,1,6
1468,2,6
1468,3,2
1468,4,12
1469,0,9
1469,1,6
1469,2,4
1469,3,4
1469,4,10
1470,0,8
1470,1,10
1470,2,2
1470,3,3
1470,4,8
1471,0,6
1471,1,9
1471,2,3
1471,3,6
1471,4,9
1472,0,4
1472,1,8
1472,2,3
1472,3,6
1472,4,14
1473,0,4
1473,1,6
1473,2,2
1473,3,7
1473,4,9
1474,0,5
1474,1,7
1474,2,2
1474,3,11
1474,4,6
1475,0,8
1475,1,7
1475,2,6
1475,3,12
1475,4,4
1476,0,6
1476,1,9
1476,2,8
1476,3,16
1476,4,4
1477,0,4
1477,1,5
1477,2,6
1477,3,12
1477,4,4
1478,0,6
1478,1,4
1478,2,8
1478,3,10
1478,4,6
1479,0,3
1479,1,5
1479,2,11
1479,3,9
1479,4,5
1480,0,3
1480,1,5
1480,2,7
1480,3,9
1480,4,5
1481,0,3
1481,1,3
1481,2,2
1481,3,7
1481,4,7
1482,0,3
1482,1,3
1482,2,2
1482,3,5
1482,4,9
1483,0,3
1483,1,3
1483,3,5
1483,4,7
1495,0,6
1495,1,5
1495,2,3
1495,3,3
1495,4,2
1496,0,6
1496,1,7
1496,2,3
1496,3,2
1496,4,2
1497,0,8
1497,1,7
1497,2,3
1497,3,2
1497,4,2
1498,0,6
1498,1,7
1498,2,9
1498,3,5
1498,4,2
1499,0,4
1499,1,7
1499,2,7
1499,3,5
1499,4,2
1500,0,6
1500,1,9
1500,2,5
1500,3,5
1500,4,2
1501,0,6
1501,1,11
1501,2,5
1501,3,5
1501,4,2
1502,0,6
1502,1,3
1502,2,5
1502,3,5
1502,4,2
1503,0,9
1503,1,5
1503,2,5
1503,3,5
1503,4,2
1504,0,9
1504,1,5
1504,2,4
1504,3,5
1504,4,2
1505,0,3
1505,1,5
1505,2,4
1505,3,3
1505,4,2
1533,0,7
1533,1,5
1533,2,5
1533,3,3
1533,4,3
1534,0,5
1534,1,4
1534,2,5
1534,3,3
1534,4,3
1535,0,5
1535,1,4
1535,2,5
1535,3,3
1535,4,7
1536,0,3
1536,1,4
1536,2,9
1536,3,5
1536,4,5
1537,0,3
1537,1,4
1537,2,7
1537,3,5
1537,4,5
1538,0,3
1538,1,5
1538,2,7
1538,3,5
1538,4,5
1539,0,3
1539,1,5
1539,2,9
1539,3,5
1539,4,5
1540,0,3
1540,1,3
1540,2,5
1540,3,5
1540,4,5
1541,0,3
1541,1,5
1541,2,3
1541,3,5
1541,4,5
1542,0,5
1542,1,3
1542,2,4
1542,3,6
1542,4,5
1543,0,5
1543,1,3
1543,2,3
1543,3,7
1543,4,5
1544,0,11
1544,1,2
1544,2,3
1544,3,7
1544,4,5
1545,0,6
1545,1,3
1545,2,3
1545,3,8
1545,4,7
1546,0,7
1546,1,3
1546,2,3
1546,3,7
1546,4,7
1547,0,8
1547,1,2
1547,2,3
1547,3,7
1547,4,7
1548,0,7
1548,1,7
1548,2,5
1548,3,7
1548,4,5
1549,0,7
1549,1,4
1549,2,5
1549,3,7
1549,4,4
1550,0,6
1550,1,6
1550,2,5
1550,3,8
1550,4,8
1551,0,7
1551,1,8
1551,2,5
1551,3,5
1551,4,5
1552,0,10
1552,1,6
1552,2,6
1552,3,6
1552,4,10
1553,0,7
1553,1,8
1553,2,6
1553,3,8
1553,4,11
1554,0,10
1554,1,6
1554,2,4
1554,3,9
1554,4,8
1555,0,12
1555,1,4
1555,2,3
1555,3,12
1555,4,12
1556,0,14
1556,1,7
1556,2,3
1556,3,8
1556,4,11
1557,0,8
1557,1,8
1557,2,2
1557,3,10
1557,4,10
1558,0,8
1558,1,7
1558,2,2
1558,3,11
1558,4,8
1559,0,10
1559,1,9
1559,2,6
1559,3,6
1559,4,6
1560,0,5
1560,1,9
1560,2,8
1560,3,16
1560,4,4
1561,0,6
1561,1,4
1561,2,6
1561,3,8
1561,4,6
1562,0,6
1562,1,4
1562,2,8
1562,3,9
1562,4,6
1563,0,3
1563,1,5
1563,2,11
1563,3,8
1563,4,3
1564,0,3
1564,1,5
1564,2,7
1564,3,9
1564,4,3
1565,0,3
1565,1,3
1565,2,5
1565,3,4
1565,4,9
1566,0,3
1566,1,3
1566,2,2
1566,3,3
1566,4,7
1567,0,3
1567,1,3
1567,2,4
1567,3,4
1567,4,7
1579,0,6
1579,1,6
1579,2,3
1579,3,3
1579,4,2
1580,0,6
1580,1,5
1580,2,3
1580,3,3
1580,4,2
1581,0,6
1581,1,6
1581,2,3
1581,3,5
1581,4,2
1582,0,8
1582,1,7
1582,2,9
1582,3,5
1582,4,2
1583,0,8
1583,1,7
1583,2,7
1583,3,5
1583,4,2
1584,0,4
1584,1,9
1584,2,7
1584,3,5
1584,4,2
1585,0,4
1585,1,9
1585,2,7
1585,3,5
1585,4,2
1586,0,8
1586,1,9
1586,2,7
1586,3,5
1586,4,2
1587,0,7
1587,1,7
1587,2,5
1587,3,5
1587,4,2
1588,0,11
1588,1,7
1588,2,5
1588,3,5
1588,4,2
1589,0,5
1589,1,7
1589,2,2
1589,3,3
1589,4,2
1590,0,5
1590,1,7
1590,2,7
1590,3,3
1590,4,2
1616,0,7
1616,1,5
1616,2,7
1616,3,3
1616,4,3
1617,0,7
1617,1,5
1617,2,5
1617,3,3
1617,4,3
1618,0,7
1618,1,5
1618,2,5
1618,3,3
1618,4,7
1619,0,9
1619,1,5
1619,2,9
1619,3,3
1619,4,7
1620,0,3
1620,1,5
1620,2,7
1620,3,5
1620,4,5
1621,0,3
1621,1,5
1621,2,7
1621,3,5
1621,4,5
1622,0,3
1622,1,4
1622,2,7
1622,3,5
1622,4,5
1623,0,3
1623,1,4
1623,2,5
1623,3,5
1623,4,5
1624,0,3
1624,1,3
1624,2,5
1624,3,6
1624,4,5
1625,0,3
1625,1,7
1625,2,3
1625,3,9
1625,4,5
1626,0,5
1626,1,7
1626,2,4
1626,3,9
1626,4,5
1627,0,5
1627,1,6
1627,2,3
1627,3,7
1627,4,5
1628,0,11
1628,1,6
1628,2,3
1628,3,7
1628,4,5
1629,0,6
1629,1,5
1629,2,3
1629,3,7
1629,4,7
1630,0,9
1630,1,5
1630,2,3
1630,3,5
1630,4,7
1631,0,7
1631,1,2
1631,2,3
1631,3,5
1631,4,9
1632,0,4
1632,1,3
1632,2,5
1632,3,5
1632,4,4
1633,0,5
1633,1,4
1633,2,5
1633,3,5
1633,4,5
1634,0,5
1634,1,6
1634,2,5
1634,3,6
1634,4,6
1635,0,8
1635,1,4
1635,2,7
1635,3,5
1635,4,5
1636,0,7
1636,1,4
1636,2,8
1636,3,6
1636,4,9
1637,0,10
1637,1,6
1637,2,6
1637,3,6
1637,4,7
1638,0,8
1638,1,8
1638,3,7
1638,4,11
1639,0,10
1639,1,9
1639,2,3
1639,3,7
1639,4,12
1640,0,10
1640,1,10
1640,2,4
1640,3,11
1640,4,13
1641,0,9
1641,1,11
1641,2,5
1641,3,5
1641,4,11
1642,0,8
1642,1,8
1642,2,5
1642,3,5
1642,4,13
1643,0,11
1643,1,5
1643,2,9
1643,3,6
1643,4,9
1644,0,7
1644,1,7
1644,2,9
1644,3,13
1644,4,8
1645,0,6
1645,1,7
1645,2,5
1645,3,7
1645,4,6
1646,0,4
1646,1,3
1646,2,9
1646,3,5
1646,4,6
1647,0,3
1647,1,4
1647,2,10
1647,3,4
1647,4,3
1648,0,3
1648,1,5
1648,2,9
1648,3,4
1648,4,5
1649,0,3
1649,1,3
1649,2,2
1649,3,4
1649,4,7
1650,0,3
1650,1,3
1650,2,4
1650,3,2
1650,4,7
1651,0,3
1651,1,3
1651,2,4
1651,3,4
1651,4,7
1663,0,4
1663,1,8
1663,2,3
1663,3,5
1663,4,4
1664,0,4
1664,1,4
1664,2,3
1664,3,5
1664,4,4
1665,0,6
1665,1,6
1665,2,3
1665,3,5
1665,4,4
1666,0,6
1666,1,4
1666,2,7
1666,3,5
1666,4,4
1667,0,6
1667,1,4
1667,2,7
1667,3,5
1667,4,4
1668,0,6
1668,1,3
1668,2,5
1668,3,5
1668,4,4
1669,0,6
1669,1,8
1669,2,6
1669,3,5
1669,4,4
1670,0,7
1670,1,5
1670,2,6
1670,3,7
1670,4,4
1671,0,3
1671,1,5
1671,2,4
1671,3,7
1671,4,4
1672,0,9
1672,1,5
1672,2,13
1672,3,7
1672,4,4
1673,0,5
1673,1,5
1673,2,2
1673,3,5
1673,4,7
1674,0,3
1674,1,9
1674,2,7
1674,3,5
1674,4,5
1700,0,7
1700,1,7
1700,2,5
1700,3,3
1700,4,3
1701,0,7
1701,1,7
1701,2,5
1701,3,3
1701,4,7
1702,0,7
1702,1,13
1702,2,5
1702,3,5
1702,4,9
1703,0,4
1703,1,3
1703,2,7
1703,3,7
1703,4,7
1704,0,5
1704,1,3
1704,2,7
1704,3,7
1704,4,7
1705,0,7
1705,1,5
1705,2,11
1705,3,5
1705,4,5
1706,0,5
1706,1,5
1706,2,9
1706,3,13
1706,4,5
1707,0,5
1707,1,3
1707,2,7
1707,3,13
1707,4,5
1708,0,5
1708,1,3
1708,2,8
1708,3,13
1708,4,5
1709,0,7
1709,1,5
1709,2,6
1709,3,13
1709,4,5
1710,0,7
1710,1,7
1710,2,5
1710,3,11
1710,4,5
1711,0,6
1711,1,7
1711,2,3
1711,3,11
1711,4,5
1712,0,5
1712,1,6
1712,2,3
1712,3,11
1712,4,5
1713,0,8
1713,1,7
1713,2,3
1713,3,11
1713,4,9
1714,0,10
1714,1,7
1714,2,3
1714,3,9
1714,4,7
1715,0,6
1715,1,6
1715,2,3
1715,3,9
1715,4,9
1716,0,5
1716,1,6
1716,2,5
1716,3,11
1716,4,5
1717,0,5
1717,1,7
1717,2,5
1717,3,11
1717,4,4
1718,0,5
1718,1,8
1718,2,5
1718,3,12
1718,4,4
1719,0,6
1719,1,4
1719,2,7
1719,3,10
1719,4,6
1720,0,8
1720,1,4
1720,2,8
1720,3,4
1720,4,5
1721,0,8
1721,1,8
1721,2,5
1721,3,8
1721,4,10
1722,0,8
1722,1,8
1722,2,2
1722,3,4
1722,4,11
1723,0,10
1723,1,6
1723,2,3
1723,3,4
1723,4,13
1724,0,7
1724,1,8
1724,2,4
1724,3,7
1724,4,13
1725,0,10
1725,1,9
1725,2,7
1725,3,8
1725,4,13
1726,0,6
1726,1,8
1726,2,7
1726,3,7
1726,4,15
1727,0,6
1727,1,8
1727,2,11
1727,3,5
1727,4,14
1728,0,6
1728,1,10
1728,2,11
1728,3,13
1728,4,11
1729,0,6
1729,1,8
1729,2,12
1729,3,9
1729,4,6
1730,0,4
1730,1,3
1730,2,14
1730,3,9
1730,4,6
1731,0,4
1731,1,3
1731,2,8
1731,3,11
1731,4,6
1732,0,3
1732,1,4
1732,2,8
1732,3,14
1732,4,3
1733,0,3
1733,1,3
1733,2,3
1733,3,14
1733,4,9
1734,0,3
1734,1,3
1734,2,4
1734,3,11
1734,4,7
1735,0,3
1735,1,3
1735,2,8
1735,3,3
1735,4,7
1747,0,4
1747,1,6
1747,2,3
1747,3,5
1747,4,4
1748,0,4
1748,1,4
1748,2,3
1748,3,5
1748,4,4
1749,0,6
1749,1,4
1749,2,3
1749,3,5
1749,4,4
1750,0,6
1750,1,4
1750,2,9
1750,3,5
1750,4,4
1751,0,6
1751,1,5
1751,2,7
1751,3,5
1751,4,4
1752,0,6
1752,1,7
1752,2,5
1752,3,5
1752,4,6
1753,0,6
1753,1,7
1753,2,7
1753,3,5
1753,4,4
1754,0,3
1754,1,5
1754,2,6
1754,3,7
1754,4,4
1755,0,5
1755,1,8
1755,2,6
1755,3,7
1755,4,4
1756,0,7
1756,1,7
1756,2,13
1756,3,11
1756,4,22
1757,0,5
1757,1,5
1757,3,9
1757,4,5
1758,0,3
1758,1,5
1758,2,7
1758,3,9
1758,4,3
1783,0,5
1783,1,5
1783,2,5
1783,3,3
1783,4,3
1784,0,5
1784,1,5
1784,2,5
1784,3,3
1784,4,3
1785,0,5
1785,1,5
1785,2,5
1785,3,3
1785,4,9
1786,0,4
1786,1,8
1786,2,12
1786,3,4
1786,4,8
1787,0,3
1787,1,7
1787,2,7
1787,3,5
1787,4,7
1788,0,2
1788,1,16
1788,2,7
1788,3,7
1788,4,7
1789,0,2
1789,1,3
1789,2,9
1789,3,11
1789,4,7
1790,0,3
1790,1,3
1790,2,5
1790,3,7
1790,4,7
1791,0,5
1791,1,3
1791,2,6
1791,3,5
1791,4,5
1792,0,5
1792,1,3
1792,2,4
1792,3,5
1792,4,5
1793,0,6
1793,1,5
1793,2,6
1793,3,7
1793,4,5
1794,0,6
1794,1,7
1794,2,9
1794,3,5
1794,4,5
1795,0,6
1795,1,8
1795,2,3
1795,3,5
1795,4,5
1796,0,3
1796,1,6
1796,2,3
1796,3,7
1796,4,5
1797,0,4
1797,1,7
1797,2,3
1797,4,9
1798,1,7
1798,2,3
1798,4,9
1799,0,3
1799,1,6
1799,2,3
1799,4,9
1800,0,2
1800,1,6
1800,2,5
1800,3,3
1800,4,7
1801,0,2
1801,1,7
1801,2,5
1801,3,3
1801,4,5
1802,0,3
1802,1,8
1802,2,5
1802,3,4
1802,4,3
1803,0,5
1803,1,4
1803,2,8
1803,3,6
1803,4,4
1804,0,7
1804,1,4
1804,2,9
1804,3,4
1804,4,6
1805,0,7
1805,1,4
1805,2,8
1805,3,4
1805,4,7
1806,0,10
1806,1,8
1806,3,4
1806,4,18
1807,0,9
1807,1,9
1807,2,3
1807,3,4
1807,4,13
1808,0,6
1808,1,7
1808,2,4
1808,3,5
1808,4,15
1809,0,3
1809,1,8
1809,2,5
1809,3,7
1809,4,14
1810,0,6
1810,1,6
1810,2,5
1810,3,5
1810,4,19
1811,0,9
1811,1,8
1811,2,9
1811,3,7
1811,4,13
1812,0,3
1812,1,9
1812,2,11
1812,3,10
1812,4,12
1813,0,3
1813,1,9
1813,2,7
1813,3,7
1813,4,5
1814,0,4
1814,1,5
1814,2,11
1814,3,5
1814,4,6
1815,0,4
1815,1,3
1815,2,9
1815,3,7
1815,4,6
1816,0,3
1816,1,3
1816,2,10
1816,3,8
1816,4,5
1817,0,3
1817,1,3
1817,2,2
1817,3,12
1817,4,7
1818,0,3
1818,1,3
1818,2,4
1818,3,13
1818,4,9
1819,0,3
1819,1,3
1819,2,7
1819,3,7
1819,4,7
1831,0,3
1831,1,6
1831,2,3
1831,3,3
1831,4,5
1832,0,5
1832,1,4
1832,2,3
1832,3,5
1832,4,4
1833,0,4
1833,1,4
1833,2,3
1833,3,5
1833,4,4
1834,0,4
1834,1,4
1834,2,9
1834,3,5
1834,4,4
1835,0,7
1835,1,4
1835,2,9
1835,3,7
1835,4,6
1836,0,12
1836,1,4
1836,2,7
1836,3,7
1836,4,6
1837,0,10
1837,1,5
1837,2,9
1837,3,7
1837,4,4
1838,0,9
1838,1,3
1838,2,6
1838,3,5
1838,4,4
1839,0,7
1839,1,9
1839,2,6
1839,3,7
1839,4,6
1840,0,11
1840,1,11
1840,2,13
1840,3,7
1840,4,22
1841,0,3
1841,1,11
1841,3,5
1841,4,6
1842,0,3
1842,1,13
1842,2,5
1842,3,9
1842,4,3
1866,0,8
1866,1,8
1866,2,6
1866,3,2
1866,4,4
1867,0,13
1867,1,5
1867,2,5
1867,3,3
1867,4,3
1868,0,5
1868,1,5
1868,2,5
1868,3,3
1868,4,7
1869,0,5
1869,1,5
1869,2,9
1869,3,7
1869,4,13
1870,0,3
1870,1,5
1870,2,7
1870,3,5
1870,4,7
1871,0,3
1871,1,5
1871,2,7
1871,3,5
1871,4,7
1872,0,7
1872,1,5
1872,2,7
1872,3,7
1872,4,7
1873,0,4
1873,1,5
1873,2,9
1873,3,7
1873,4,5
1874,0,4
1874,1,2
1874,2,5
1874,3,7
1874,4,4
1875,0,6
1875,1,2
1875,2,4
1875,3,8
1875,4,4
1876,0,6
1876,1,2
1876,2,4
1876,3,8
1876,4,4
1877,0,7
1877,1,4
1877,2,3
1877,3,6
1877,4,4
1878,0,6
1878,1,6
1878,2,2
1878,3,6
1878,4,4
1879,0,4
1879,1,6
1879,2,2
1879,3,6
1879,4,4
1880,0,7
1880,1,5
1880,2,2
1880,3,6
1880,4,4
1881,0,7
1881,1,6
1881,2,2
1881,3,4
1881,4,8
1882,0,3
1882,1,8
1882,2,2
1882,3,5
1882,4,8
1883,0,3
1883,1,8
1883,2,2
1883,3,2
1883,4,7
1884,0,3
1884,1,8
1884,2,2
1884,3,3
1884,4,6
1885,0,5
1885,1,6
1885,2,2
1885,3,4
1885,4,6
1886,0,7
1886,1,8
1886,2,2
1886,3,4
1886,4,2
1887,0,7
1887,1,6
1887,2,8
1887,3,6
1888,0,11
1888,1,8
1888,2,8
1888,3,4
1888,4,2
1889,0,11
1889,1,6
1889,2,3
1889,3,4
1889,4,6
1890,0,11
1890,1,6
1890,2,2
1890,3,4
1890,4,15
1891,0,14
1891,1,4
1891,2,3
1891,3,4
1891,4,12
1892,0,12
1892,1,5
1892,2,4
1892,3,5
1892,4,11
1893,0,8
1893,1,6
1893,2,5
1893,3,5
1893,4,11
1894,0,5
1894,1,9
1894,2,5
1894,3,7
1894,4,12
1895,0,6
1895,1,11
1895,2,11
1895,3,7
1895,4,10
1896,0,5
1896,1,9
1896,2,11
1896,3,8
1896,4,10
1897,0,3
1897,1,6
1897,2,7
1897,3,7
1897,4,4
1898,0,3
1898,1,4
1898,2,7
1898,3,8
1898,4,4
1899,0,4
1899,1,6
1899,2,9
1899,3,10
1899,4,4
1900,0,3
1900,1,6
1900,2,6
1900,3,12
1900,4,3
1901,0,3
1901,1,5
1901,2,2
1901,3,7
1901,4,6
1902,0,3
1902,1,5
1902,2,3
1902,3,9
1902,4,5
1903,0,3
1903,1,5
1903,2,8
1903,3,6
1903,4,7
1915,0,7
1915,1,7
1915,2,3
1915,3,3
1915,4,5
1916,0,7
1916,1,5
1916,2,3
1916,3,5
1916,4,5
1917,0,6
1917,1,4
1917,2,3
1917,3,7
1917,4,4
1918,0,5
1918,1,3
1918,2,9
1918,3,7
1918,4,8
1919,0,11
1919,1,4
1919,2,9
1919,3,7
1919,4,4
1920,0,9
1920,1,4
1920,2,7
1920,3,7
1920,4,5
1921,0,8
1921,1,3
1921,2,7
1921,3,9
1921,4,4
1922,0,7
1922,1,3
1922,2,6
1922,3,5
1922,4,4
1923,0,7
1923,1,7
1923,2,5
1923,3,7
1923,4,8
1924,0,9
1924,1,7
1924,2,3
1924,3,9
1924,4,20
1925,0,7
1925,1,7
1925,3,7
1925,4,10
1926,0,5
1926,1,7
1926,2,7
1926,3,9
1926,4,3
1950,0,7
1950,1,5
1950,2,5
1950,3,3
1950,4,3
1951,0,7
1951,1,5
1951,2,5
1951,3,3
1951,4,3
1952,0,7
1952,1,5
1952,2,5
1952,3,3
1952,4,7
1953,0,11
1953,1,9
1953,2,11
1953,3,5
1953,4,5
1954,0,3
1954,1,5
1954,2,7
1954,3,5
1954,4,7
1955,0,3
1955,1,5
1955,2,7
1955,3,5
1955,4,11
1956,0,6
1956,1,5
1956,2,7
1956,3,9
1956,4,5
1957,0,5
1957,1,5
1957,2,7
1957,3,9
1957,4,5
1958,0,4
1958,1,2
1958,2,5
1958,3,9
1958,4,4
1959,0,6
1959,1,2
1959,2,5
1959,3,8
1959,4,4
1960,0,6
1960,1,2
1960,2,4
1960,3,8
1960,4,4
1961,0,6
1961,1,4
1961,2,4
1961,3,6
1961,4,4
1962,0,5
1962,1,6
1962,2,2
1962,3,6
1962,4,4
1963,0,4
1963,1,7
1963,2,2
1963,3,6
1963,4,4
1964,0,7
1964,1,5
1964,2,2
1964,3,4
1964,4,4
1965,0,5
1965,1,5
1965,2,2
1965,3,3
1965,4,8
1966,0,5
1966,1,5
1966,2,2
1966,3,3
1966,4,5
1967,0,6
1967,1,5
1967,2,2
1967,3,3
1967,4,8
1968,0,8
1968,1,7
1968,2,2
1968,3,5
1968,4,4
1969,0,8
1969,1,8
1969,2,2
1969,3,6
1969,4,4
1970,0,6
1970,1,10
1970,2,2
1970,3,6
1970,4,4
1971,0,10
1971,1,6
1971,2,10
1971,3,8
1971,4,2
1972,0,13
1972,1,8
1972,2,10
1972,3,5
1973,0,13
1973,1,6
1973,2,6
1973,3,6
1973,4,4
1974,0,12
1974,1,6
1974,2,2
1974,3,3
1974,4,12
1975,0,13
1975,1,5
1975,2,3
1975,3,3
1975,4,9
1976,0,8
1976,1,8
1976,2,4
1976,3,4
1976,4,13
1977,0,7
1977,1,5
1977,2,5
1977,3,5
1977,4,8
1978,0,7
1978,1,6
1978,2,5
1978,3,7
1978,4,12
1979,0,6
1979,1,5
1979,2,11
1979,3,9
1979,4,7
1980,0,6
1980,1,8
1980,2,9
1980,3,12
1980,4,8
1981,0,3
1981,1,7
1981,2,5
1981,3,24
1981,4,6
1982,0,3
1982,1,4
1982,2,5
1982,3,7
1982,4,4
1983,0,4
1983,1,4
1983,2,7
1983,3,7
1983,4,3
1984,0,3
1984,1,4
1984,2,5
1984,3,8
1984,4,3
1985,0,3
1985,1,5
1985,3,6
1985,4,7
1986,0,3
1986,1,5
1986,2,2
1986,3,6
1986,4,6
1987,0,3
1987,1,5
1987,2,5
1987,3,6
1987,4,5
1999,0,7
1999,1,8
1999,2,3
1999,3,3
1999,4,5
2000,0,6
2000,1,6
2000,2,3
2000,3,3
2000,4,8
2001,0,6
2001,1,5
2001,2,3
2001,3,3
2001,4,4
2002,0,8
2002,1,5
2002,2,9
2002,3,3
2002,4,8
2003,0,12
2003,1,4
2003,2,9
2003,3,3
2003,4,6
2004,0,9
2004,1,3
2004,2,9
2004,3,3
2004,4,2
2005,0,9
2005,1,3
2005,2,9
2005,3,5
2005,4,4
2006,0,11
2006,1,4
2006,2,8
2006,3,7
2006,4,6
2007,0,7
2007,1,5
2007,2,5
2007,3,7
2007,4,8
2008,0,9
2008,1,5
2008,2,7
2008,3,7
2008,4,26
2009,0,5
2009,1,5
2009,2,2
2009,3,5
2009,4,10
2010,0,3
2010,1,5
2010,2,3
2010,3,5
2010,4,8
2033,0,7
2033,1,11
2033,2,7
2033,3,3
2033,4,3
2034,0,7
2034,1,6
2034,2,5
2034,3,3
2034,4,3
2035,0,7
2035,1,6
2035,2,5
2035,3,3
2035,4,7
2036,0,7
2036,1,10
2036,2,9
2036,3,7
2036,4,9
2037,0,3
2037,1,2
2037,2,5
2037,3,7
2037,4,7
2038,0,5
2038,1,5
2038,2,9
2038,3,5
2038,4,7
2039,0,5
2039,1,5
2039,2,9
2039,3,5
2039,4,7
2040,0,5
2040,1,5
2040,2,9
2040,3,5
2040,4,7
2041,0,4
2041,1,2
2041,2,8
2041,3,6
2041,4,4
2042,0,4
2042,1,2
2042,2,4
2042,3,5
2042,4,4
2043,0,6
2043,1,2
2043,2,7
2043,3,10
2043,4,6
2054,0,6
2054,1,7
2054,2,4
2054,3,4
2054,4,4
2055,0,10
2055,1,4
2055,2,18
2055,3,7
2055,4,6
2060,0,13
2060,1,7
2060,2,4
2060,3,4
2060,4,11
2061,0,12
2061,1,3
2061,2,3
2061,3,6
2061,4,13
2062,0,4
2062,1,2
2062,2,3
2062,3,6
2062,4,12
2063,0,3
2063,1,6
2063,2,11
2063,3,6
2063,4,8
2064,0,7
2064,1,6
2064,2,7
2064,3,10
2064,4,6
2065,0,8
2065,1,8
2065,2,6
2065,3,9
2065,4,4
2066,0,7
2066,1,6
2066,2,6
2066,3,6
2066,4,5
2067,0,7
2067,1,6
2067,2,6
2067,3,6
2067,4,3
2068,0,7
2068,1,5
2068,2,5
2068,3,7
2068,4,3
2069,0,5
2069,1,5
2069,3,7
2069,4,7
2070,0,3
2070,1,5
2070,2,2
2070,3,5
2070,4,7
2071,0,3
2071,1,5
2071,2,4
2071,3,2
2071,4,5
2083,0,5
2083,1,6
2083,2,3
2083,3,5
2083,4,7
2084,0,2
2084,1,4
2084,2,3
2084,3,5
2084,4,10
2085,0,7
2085,1,4
2085,2,3
2085,3,5
2085,4,6
2086,0,8
2086,1,4
2086,2,9
2086,3,5
2086,4,8
2087,0,10
2087,1,2
2087,2,11
2087,3,5
2087,4,9
2088,0,9
2088,1,2
2088,2,10
2088,3,4
2088,4,7
2089,0,7
2089,1,3
2089,2,10
2089,3,5
2089,4,4
2090,0,7
2090,1,3
2090,2,5
2090,3,5
2090,4,6
2091,0,5
2091,1,5
2091,2,2
2091,3,7
2091,4,8
2092,0,9
2092,1,5
2092,2,2
2092,3,7
2092,4,24
2093,0,5
2093,1,5
2093,3,4
2093,4,12
2094,0,5
2094,1,5
2094,2,3
2094,3,5
2094,4,8
2117,0,5
2117,1,5
2117,2,5
2117,3,3
2117,4,3
2118,0,7
2118,1,5
2118,2,5
2118,3,3
2118,4,7
2119,0,7
2119,1,7
2119,2,5
2119,3,3
2119,4,9
2120,0,5
2120,1,5
2120,2,11
2120,3,5
2120,4,7
2121,0,3
2121,1,7
2121,2,5
2121,3,5
2121,4,7
2122,0,3
2122,1,2
2122,2,5
2122,3,7
2122,4,7
2123,0,5
2123,1,2
2123,2,7
2123,3,7
2123,4,6
2124,0,7
2124,1,5
2124,2,7
2124,3,5
2124,4,7
2125,0,4
2125,1,2
2125,2,7
2125,3,6
2125,4,4
2126,0,4
2126,1,2
2126,2,6
2126,3,6
2126,4,6
2138,0,6
2138,1,10
2138,2,4
2138,3,5
2138,4,6
2139,0,10
2139,1,4
2139,2,18
2139,3,7
2139,4,6
2144,0,5
2144,1,5
2144,2,4
2144,3,8
2144,4,9
2145,0,3
2145,1,7
2145,2,3
2145,3,10
2145,4,14
2146,0,5
2146,1,7
2146,2,3
2146,3,10
2146,4,14
2147,0,8
2147,1,12
2147,2,11
2147,3,10
2147,4,5
2148,0,6
2148,1,12
2148,2,7
2148,3,10
2148,4,9
2149,0,6
2149,1,13
2149,2,6
2149,3,12
2149,4,5
2150,0,6
2150,1,3
2150,2,6
2150,3,10
2150,4,3
2151,0,8
2151,1,5
2151,2,6
2151,3,8
2151,4,5
2152,0,5
2152,1,5
2152,2,4
2152,3,8
2152,4,3
2153,0,5
2153,1,6
2153,3,8
2153,4,7
2154,0,5
2154,1,7
2154,2,3
2154,3,9
2154,4,7
2155,0,3
2155,1,7
2155,2,3
2155,3,7
2155,4,5
2167,0,4
2167,1,6
2167,2,3
2167,3,3
2167,4,5
2168,0,3
2168,1,6
2168,2,3
2168,3,5
2168,4,9
2169,0,4
2169,1,6
2169,2,3
2169,3,5
2169,4,5
2170,0,5
2170,1,4
2170,2,9
2170,3,5
2170,4,5
2171,0,8
2171,1,2
2171,2,9
2171,3,5
2171,4,17
2172,0,7
2172,1,2
2172,2,8
2172,3,6
2172,4,12
2173,0,7
2173,1,3
2173,2,6
2173,3,5
2173,4,14
2174,0,5
2174,1,3
2174,2,3
2174,3,10
2174,4,10
2175,0,3
2175,1,3
2175,2,3
2175,3,9
2175,4,14
2176,0,7
2176,1,3
2176,2,2
2176,3,11
2176,4,22
2177,0,3
2177,1,3
2177,3,10
2177,4,12
2178,0,3
2178,1,3
2178,3,8
2178,4,10
2200,0,7
2200,1,5
2200,2,7
2200,3,3
2200,4,3
2201,0,9
2201,1,5
2201,2,5
2201,3,3
2201,4,3
2202,0,5
2202,1,5
2202,2,5
2202,3,3
2202,4,7
2203,0,5
2203,1,5
2203,2,9
2203,3,3
2203,4,9
2204,0,2
2204,1,5
2204,2,6
2204,3,5
2204,4,7
2205,0,2
2205,1,5
2205,2,5
2205,3,5
2205,4,7
2206,0,4
2206,1,5
2206,2,5
2206,3,7
2206,4,8
2207,0,4
2207,1,7
2207,2,13
2207,3,7
2207,4,5
2208,0,3
2208,1,2
2208,2,6
2208,3,8
2208,4,5
2209,0,3
2209,1,2
2209,2,5
2209,3,8
2209,4,8
2222,0,8
2222,1,6
2222,2,6
2222,3,4
2222,4,6
2223,0,8
2223,1,4
2223,2,18
2223,3,4
2223,4,6
2228,0,4
2228,1,5
2228,2,5
2228,3,9
2228,4,11
2229,1,3
2229,2,5
2229,3,7
2229,4,10
2230,0,2
2230,1,3
2230,2,5
2230,3,9
2230,4,17
2231,0,8
2231,1,6
2231,2,13
2231,3,13
2231,4,8
2232,0,8
2232,1,8
2232,2,9
2232,3,8
2232,4,5
2233,0,6
2233,1,6
2233,2,9
2233,3,8
2233,4,6
2234,0,6
2234,1,6
2234,2,7
2234,3,8
2234,4,3
2235,0,5
2235,1,5
2235,2,9
2235,3,8
2235,4,5
2236,0,3
2236,1,4
2236,2,11
2236,3,8
2236,4,7
2237,0,3
2237,1,5
2237,2,7
2237,3,6
2237,4,9
2238,0,3
2238,1,5
2238,2,6
2238,3,6
2238,4,9
2239,0,3
2239,1,5
2239,2,7
2239,3,6
2239,4,7
2251,0,5
2251,1,7
2251,2,5
2251,3,3
2251,4,5
2252,0,7
2252,1,6
2252,2,5
2252,3,5
2252,4,7
2253,0,9
2253,1,6
2253,2,5
2253,3,5
2253,4,7
2254,0,8
2254,1,6
2254,2,11
2254,3,7
2254,4,4
2255,0,9
2255,2,19
2255,3,7
2255,4,6
2256,0,7
2256,2,18
2256,3,8
2256,4,9
2257,0,5
2257,1,3
2257,2,18
2257,3,6
2257,4,9
2258,0,3
2258,1,3
2258,2,8
2258,3,5
2258,4,5
2259,0,3
2259,1,3
2259,2,8
2259,3,10
2259,4,5
2260,0,7
2260,1,3
2260,2,4
2260,3,11
2260,4,26
2261,0,3
2261,1,3
2261,3,8
2261,4,8
2262,0,3
2262,1,3
2262,3,8
2262,4,10
2284,0,7
2284,1,7
2284,2,5
2284,3,3
2284,4,3
2285,0,8
2285,1,7
2285,2,5
2285,3,3
2285,4,11
2286,0,8
2286,1,13
2286,2,5
2286,3,3
2286,4,7
2287,0,2
2287,1,7
2287,2,19
2287,3,5
2287,4,7
2288,1,7
2288,2,6
2288,3,5
2288,4,7
2289,0,5
2289,1,7
2289,2,6
2289,3,5
2289,4,7
2290,0,4
2290,1,7
2290,2,6
2290,3,17
2290,4,5
2291,0,4
2291,1,4
2291,2,5
2291,3,9
2291,4,5
2292,0,3
2292,1,4
2292,2,5
2292,3,10
2292,4,6
2293,0,3
2293,1,4
2293,2,9
2293,3,8
2293,4,5
2304,0,7
2304,1,13
2304,2,5
2304,3,6
2304,4,6
2305,0,8
2305,1,7
2305,2,5
2305,3,5
2305,4,5
2306,0,6
2306,1,10
2306,2,6
2306,3,4
2306,4,4
2307,0,6
2307,1,6
2307,2,16
2307,3,4
2307,4,5
2312,0,5
2312,1,5
2312,2,6
2312,3,7
2312,4,10
2313,0,6
2313,1,4
2313,2,5
2313,3,5
2313,4,10
2314,0,5
2314,1,4
2314,2,5
2314,3,5
2314,4,11
2315,0,7
2315,1,5
2315,2,9
2315,3,9
2315,4,11
2316,0,6
2316,1,6
2316,2,9
2316,3,12
2316,4,6
2317,0,7
2317,1,7
2317,2,7
2317,3,5
2317,4,7
2318,0,9
2318,1,6
2318,2,5
2318,3,6
2318,4,8
2319,0,7
2319,1,7
2319,2,6
2319,3,7
2319,4,4
2320,0,7
2320,1,10
2320,2,5
2320,3,8
2320,4,5
2321,0,5
2321,1,9
2321,2,3
2321,3,6
2321,4,7
2322,0,3
2322,1,8
2322,2,4
2322,3,5
2322,4,5
2323,0,3
2323,1,7
2323,2,3
2323,3,5
2323,4,5
2335,0,4
2335,1,8
2335,2,5
2335,3,5
2335,4,7
2336,0,3
2336,1,6
2336,2,7
2336,3,5
2336,4,9
2337,0,4
2337,1,6
2337,2,5
2337,3,5
2337,4,8
2338,0,3
2338,1,6
2338,2,9
2338,3,4
2338,4,5
2339,0,5
2339,1,3
2339,2,7
2339,3,3
2339,4,3
2340,0,5
2340,1,3
2340,2,9
2340,3,4
2340,4,7
2341,0,5
2341,1,3
2341,2,8
2341,3,4
2341,4,9
2342,0,3
2342,1,3
2342,2,6
2342,3,6
2342,4,5
2343,0,3
2343,1,3
2343,2,4
2343,3,10
2343,4,7
2344,0,7
2344,1,3
2344,2,3
2344,3,10
2344,4,23
2345,0,3
2345,1,3
2345,2,4
2345,3,9
2345,4,11
2346,0,3
2346,1,3
2346,3,7
2346,4,7
2367,0,7
2367,1,4
2367,2,7
2367,3,3
2367,4,3
2368,0,8
2368,1,7
2368,2,5
2368,3,3
2368,4,3
2369,0,8
2369,1,7
2369,2,5
2369,3,3
2369,4,7
2370,0,8
2370,1,7
2370,2,7
2370,3,3
2370,4,9
2371,0,3
2371,1,5
2371,2,6
2371,3,7
2371,4,7
2372,0,5
2372,1,7
2372,2,8
2372,3,5
2372,4,7
2373,0,3
2373,1,7
2373,2,8
2373,3,5
2373,4,9
2374,0,2
2374,1,9
2374,2,6
2374,3,5
2374,4,5
2375,0,2
2375,1,4
2375,2,5
2375,3,6
2375,4,6
2376,0,2
2376,1,4
2376,2,5
2376,3,13
2376,4,6
2388,0,6
2388,1,11
2388,2,5
2388,3,5
2388,4,7
2389,0,5
2389,1,11
2389,2,5
2389,3,5
2389,4,3
2390,0,6
2390,1,11
2390,2,5
2390,3,4
2390,4,4
2391,0,6
2391,1,6
2391,2,13
2391,3,4
2391,4,5
2396,0,6
2396,1,7
2396,2,8
2396,3,7
2396,4,10
2397,0,3
2397,1,4
2397,2,7
2397,3,7
2397,4,9
2398,0,6
2398,1,4
2398,2,7
2398,3,7
2398,4,10
2399,0,7
2399,1,4
2399,2,11
2399,3,5
2399,4,6
2400,0,8
2400,1,5
2400,2,9
2400,3,12
2400,4,12
2401,0,6
2401,1,4
2401,2,8
2401,3,7
2401,4,10
2402,0,9
2402,1,6
2402,2,7
2402,3,6
2402,4,8
2403,0,5
2403,1,7
2403,2,8
2403,3,6
2403,4,7
2404,0,4
2404,1,8
2404,2,7
2404,3,8
2404,4,9
2405,0,5
2405,1,7
2405,2,3
2405,3,5
2405,4,5
2406,0,5
2406,1,9
2406,2,4
2406,3,3
2406,4,5
2407,0,5
2407,1,11
2407,2,2
2407,3,4
2407,4,5
2419,0,5
2419,1,6
2419,2,5
2419,3,3
2419,4,6
2420,0,6
2420,1,6
2420,2,7
2420,3,5
2420,4,10
2421,0,4
2421,1,6
2421,2,5
2421,3,5
2421,4,7
2422,0,3
2422,1,7
2422,2,8
2422,3,5
2422,4,6
2423,0,5
2423,1,5
2423,2,8
2423,3,4
2423,4,4
2424,0,5
2424,1,4
2424,2,10
2424,3,5
2424,4,4
2425,0,3
2425,1,3
2425,2,8
2425,3,6
2425,4,7
2426,0,3
2426,1,3
2426,2,6
2426,3,6
2426,4,5
2427,0,3
2427,1,3
2427,2,7
2427,3,6
2427,4,7
2428,0,7
2428,1,3
2428,2,2
2428,3,12
2428,4,23
2429,0,3
2429,1,3
2429,3,12
2429,4,11
2430,0,3
2430,1,3
2430,3,11
2430,4,11
2451,0,5
2451,1,4
2451,2,5
2451,3,3
2451,4,3
2452,0,8
2452,1,5
2452,2,5
2452,3,3
2452,4,7
2453,0,8
2453,1,7
2453,2,5
2453,3,3
2453,4,9
2454,0,10
2454,1,5
2454,2,7
2454,3,5
2454,4,7
2455,0,3
2455,1,5
2455,2,6
2455,3,7
2455,4,7
2456,0,3
2456,1,5
2456,2,6
2456,3,7
2456,4,7
2457,0,3
2457,1,7
2457,2,6
2457,3,7
2457,4,9
2458,0,3
2458,1,9
2458,2,3
2458,3,5
2458,4,6
2459,0,2
2459,1,4
2459,2,4
2459,3,6
2459,4,6
2460,0,2
2460,1,4
2460,2,4
2460,3,6
2460,4,6
2472,0,5
2472,1,11
2472,2,5
2472,3,5
2472,4,6
2473,0,4
2473,1,11
2473,2,5
2473,3,7
2473,4,6
2474,0,6
2474,1,12
2474,2,6
2474,3,6
2474,4,4
2475,0,8
2475,1,8
2475,2,14
2475,3,6
2475,4,5
2480,1,5
2480,2,8
2480,3,8
2480,4,6
2481,0,4
2481,1,2
2481,2,7
2481,3,7
2481,4,11
2482,0,4
2482,1,2
2482,2,7
2482,3,6
2482,4,15
2483,0,5
2483,1,2
2483,2,9
2483,3,6
2483,4,8
2484,0,6
2484,1,4
2484,2,9
2484,3,14
2484,4,8
2485,0,7
2485,1,4
2485,2,7
2485,3,7
2485,4,7
2486,0,6
2486,1,5
2486,2,5
2486,3,5
2486,4,3
2487,0,6
2487,1,5
2487,2,5
2487,3,7
2487,4,4
2488,0,4
2488,1,7
2488,2,3
2488,3,5
2488,4,6
2489,0,3
2489,1,8
2489,3,7
2489,4,9
2490,0,3
2490,1,9
2490,2,3
2490,3,9
2490,4,7
2491,0,3
2491,1,9
2491,2,5
2491,3,9
2491,4,5
2503,1,6
2503,2,9
2503,3,5
2503,4,10
2504,0,2
2504,1,4
2504,2,7
2504,3,7
2504,4,11
2505,0,2
2505,1,5
2505,2,5
2505,3,7
2505,4,4
2506,1,7
2506,2,8
2506,3,8
2506,4,4
2507,0,3
2507,1,5
2507,2,6
2507,3,6
2507,4,4
2508,0,3
2508,1,4
2508,2,8
2508,3,5
2508,4,2
2509,0,3
2509,1,5
2509,2,8
2509,3,5
2509,4,4
2510,0,3
2510,1,3
2510,2,10
2510,3,4
2510,4,3
2511,0,3
2511,1,3
2511,2,7
2511,3,4
2511,4,5
2512,0,7
2512,1,3
2512,3,4
2512,4,21
2513,0,3
2513,1,3
2513,2,2
2513,3,2
2513,4,9
2514,0,3
2514,1,3
2514,3,2
2514,4,7
2534,0,5
2534,1,3
2534,2,7
2534,3,3
2534,4,3
2535,0,6
2535,1,3
2535,2,5
2535,3,3
2535,4,3
2536,0,6
2536,1,6
2536,2,5
2536,3,3
2536,4,9
2537,0,7
2537,1,6
2537,2,7
2537,3,3
2537,4,9
2538,0,3
2538,1,4
2538,2,4
2538,3,5
2538,4,7
2539,0,3
2539,1,4
2539,2,6
2539,3,5
2539,4,7
2540,0,3
2540,1,3
2540,2,6
2540,3,7
2540,4,7
2541,0,3
2541,1,7
2541,2,2
2541,3,7
2541,4,5
2542,0,2
2542,1,6
2542,2,2
2542,3,10
2542,4,12
2543,0,2
2543,1,8
2543,2,3
2543,3,7
2543,4,8
2556,0,8
2556,1,12
2556,2,5
2556,3,5
2556,4,6
2557,0,5
2557,1,10
2557,2,5
2557,3,5
2557,4,5
2558,0,6
2558,1,7
2558,2,5
2558,3,4
2558,4,6
2559,0,8
2559,1,10
2559,2,13
2559,3,4
2559,4,5
2564,0,2
2564,1,10
2564,2,8
2564,3,11
2564,4,6
2565,0,2
2565,1,7
2565,2,7
2565,3,9
2565,4,5
2566,1,7
2566,2,7
2566,3,9
2566,4,15
2567,0,4
2567,1,7
2567,2,9
2567,3,6
2567,4,6
2568,0,4
2568,1,7
2568,2,9
2568,3,6
2568,4,6
2569,0,6
2569,1,4
2569,2,7
2569,3,4
2569,4,7
2570,0,8
2570,1,4
2570,2,5
2570,3,5
2570,4,6
2571,0,6
2571,1,4
2571,2,5
2571,3,6
2571,4,4
2572,0,8
2572,1,6
2572,3,8
2572,4,5
2573,0,6
2573,1,8
2573,3,8
2573,4,10
2574,0,5
2574,1,10
2574,2,6
2574,3,9
2574,4,7
2575,0,3
2575,1,11
2575,2,6
2575,3,6
2575,4,5
2587,0,4
2587,1,8
2587,2,10
2587,3,5
2587,4,9
2588,0,3
2588,1,5
2588,2,6
2588,3,5
2588,4,11
2589,0,2
2589,1,10
2589,2,6
2589,3,5
2589,4,5
2590,1,8
2590,2,6
2590,3,4
2590,4,3
2591,0,3
2591,1,7
2591,2,7
2591,3,3
2591,4,4
2592,0,3
2592,1,4
2592,2,9
2592,3,4
2592,4,4
2593,0,3
2593,1,3
2593,2,8
2593,3,6
2593,4,2
2594,0,3
2594,1,4
2594,2,8
2594,3,6
2594,4,4
2595,0,3
2595,1,5
2595,2,9
2595,3,6
2595,4,3
2596,0,7
2596,1,5
2596,2,4
2596,3,6
2596,4,21
2597,0,3
2597,1,5
2597,3,4
2597,4,9
2598,0,3
2598,1,5
2598,3,2
2598,4,9
2618,0,6
2618,1,4
2618,2,5
2618,3,3
2618,4,3
2619,0,6
2619,1,4
2619,2,5
2619,3,3
2619,4,7
2620,0,6
2620,1,5
2620,2,5
2620,3,3
2620,4,7
2621,0,5
2621,1,5
2621,2,5
2621,3,5
2621,4,7
2622,0,3
2622,1,3
2622,2,4
2622,3,5
2622,4,7
2623,0,9
2623,1,3
2623,2,6
2623,3,5
2623,4,7
2624,0,3
2624,1,3
2624,2,6
2624,3,9
2624,4,4
2625,0,3
2625,1,4
2625,2,2
2625,3,9
2625,4,5
2626,0,2
2626,1,4
2626,2,2
2626,3,10
2626,4,6
2627,0,2
2627,1,6
2627,2,3
2627,3,7
2627,4,6
2642,0,6
2642,1,12
2642,2,9
2642,3,6
2642,4,6
2643,0,6
2643,1,7
2643,2,17
2643,3,3
2643,4,5
2648,0,2
2648,1,9
2648,2,8
2648,3,6
2648,4,6
2649,0,2
2649,1,7
2649,2,8
2649,3,7
2649,4,5
2650,1,5
2650,2,8
2650,3,6
2650,4,4
2651,0,4
2651,1,8
2651,2,9
2651,3,6
2651,4,7
2652,0,5
2652,1,6
2652,2,8
2652,3,8
2652,4,7
2653,0,8
2653,1,6
2653,2,5
2653,3,7
2653,4,8
2654,0,7
2654,1,6
2654,2,5
2654,3,6
2654,4,5
2655,0,6
2655,1,5
2655,2,5
2655,3,6
2655,4,6
2656,0,4
2656,1,5
2656,2,4
2656,3,7
2656,4,6
2657,0,6
2657,1,7
2657,3,3
2657,4,8
2658,0,5
2658,1,8
2658,2,6
2658,3,4
2658,4,7
2659,0,5
2659,1,12
2659,2,6
2659,3,3
2659,4,7
2671,0,3
2671,1,10
2671,2,10
2671,3,3
2671,4,7
2672,0,4
2672,1,10
2672,2,6
2672,3,5
2672,4,9
2673,0,4
2673,1,17
2673,2,5
2673,3,5
2673,4,4
2674,0,3
2674,1,10
2674,2,6
2674,3,6
2674,4,3
2675,0,4
2675,1,8
2675,2,6
2675,3,6
2675,4,4
2676,0,3
2676,1,7
2676,2,8
2676,3,6
2676,4,4
2677,0,3
2677,1,7
2677,2,8
2677,3,6
2677,4,4
2678,0,3
2678,1,4
2678,2,11
2678,3,4
2679,0,3
2679,1,3
2679,2,8
2679,3,4
2679,4,4
2680,0,7
2680,1,3
2680,2,2
2680,3,4
2680,4,21
2681,0,3
2681,1,5
2681,3,2
2681,4,9
2682,0,3
2682,1,5
2682,3,2
2682,4,9
2701,0,5
2701,1,2
2701,2,7
2701,3,3
2701,4,3
2702,0,6
2702,1,2
2702,2,5
2702,3,3
2702,4,3
2703,0,6
2703,1,2
2703,2,5
2703,3,3
2703,4,7
2704,0,6
2704,1,4
2704,2,7
2704,3,3
2704,4,7
2705,0,3
2705,1,2
2705,2,4
2705,3,5
2705,4,5
2706,0,3
2706,1,2
2706,2,4
2706,3,5
2706,4,7
2707,0,5
2707,1,6
2707,2,6
2707,3,7
2707,4,7
2708,0,7
2708,1,3
2708,2,2
2708,3,5
2708,4,4
2709,0,6
2709,1,4
2709,2,3
2709,3,6
2709,4,5
2710,0,6
2710,1,5
2710,2,3
2710,3,10
2710,4,6
2726,0,10
2726,1,10
2726,2,7
2726,3,8
2726,4,5
2727,0,10
2727,1,6
2727,2,12
2727,3,4
2727,4,5
2732,0,6
2732,1,12
2732,2,8
2732,3,11
2732,4,6
2733,0,5
2733,1,11
2733,2,8
2733,3,13
2733,4,5
2734,0,2
2734,1,6
2734,2,7
2734,3,11
2734,4,5
2735,0,5
2735,1,8
2735,2,6
2735,3,10
2735,4,4
2736,0,8
2736,1,7
2736,2,5
2736,3,10
2736,4,7
2737,0,10
2737,1,8
2737,2,5
2737,3,9
2737,4,5
2738,0,8
2738,1,8
2738,2,5
2738,3,3
2738,4,5
2739,0,7
2739,1,8
2739,2,5
2739,3,3
2739,4,4
2740,0,7
2740,1,7
2740,2,3
2740,3,4
2740,4,9
2741,0,8
2741,1,9
2741,3,2
2741,4,12
2742,0,7
2742,1,8
2742,2,5
2742,3,5
2742,4,9
2743,0,7
2743,1,7
2743,2,6
2743,3,7
2743,4,7
2755,0,6
2755,1,10
2755,2,8
2755,3,5
2755,4,9
2756,0,6
2756,1,7
2756,2,6
2756,3,7
2756,4,12
2757,0,4
2757,1,12
2757,2,5
2757,3,9
2757,4,6
2758,0,2
2758,1,7
2758,2,6
2758,3,9
2758,4,4
2759,0,4
2759,1,10
2759,2,6
2759,3,6
2759,4,4
2760,0,4
2760,1,11
2760,2,7
2760,3,4
2760,4,4
2761,0,7
2761,1,9
2761,2,7
2761,3,4
2761,4,4
2762,0,7
2762,1,6
2762,2,9
2762,3,4
2763,0,7
2763,1,4
2763,2,9
2763,3,3
2763,4,2
2764,0,9
2764,1,6
2764,3,3
2764,4,21
2765,0,3
2765,1,5
2765,3,2
2765,4,9
2766,0,3
2766,1,5
2766,4,9
2785,0,5
2785,1,2
2785,2,5
2785,3,3
2785,4,3
2786,0,8
2786,1,2
2786,2,5
2786,3,3
2786,4,7
2787,0,6
2787,1,2
2787,2,5
2787,3,5
2787,4,7
2788,0,2
2788,1,2
2788,2,5
2788,3,5
2788,4,5
2789,0,3
2789,1,2
2789,2,5
2789,3,5
2789,4,5
2790,0,5
2790,1,2
2790,2,5
2790,3,5
2790,4,5
2791,0,5
2791,1,2
2791,2,7
2791,3,5
2791,4,7
2792,0,5
2792,1,2
2792,2,3
2792,3,5
2792,4,7
2793,0,6
2793,1,2
2793,2,4
2793,3,6
2793,4,5
2794,0,6
2794,1,3
2794,2,4
2794,3,6
2794,4,5
2810,0,6
2810,1,7
2810,2,8
2810,3,6
2810,4,7
2811,0,8
2811,1,6
2811,2,13
2811,3,3
2811,4,5
2816,0,5
2816,1,11
2816,2,9
2816,3,7
2816,4,6
2817,0,4
2817,1,8
2817,2,11
2817,3,7
2817,4,3
2818,0,4
2818,1,9
2818,2,8
2818,3,7
2818,4,3
2819,0,9
2819,1,9
2819,2,6
2819,3,4
2819,4,3
2820,0,8
2820,1,11
2820,2,5
2820,3,4
2820,4,8
2821,0,7
2821,1,10
2821,2,5
2821,3,3
2821,4,3
2822,0,8
2822,1,5
2822,2,5
2822,3,3
2822,4,2
2823,0,6
2823,1,5
2823,2,5
2823,3,3
2823,4,7
2824,0,8
2824,1,8
2824,2,6
2824,3,3
2824,4,7
2825,0,7
2825,1,9
2825,4,11
2826,0,7
2826,1,12
2826,2,3
2826,3,4
2826,4,9
2827,0,9
2827,1,10
2827,2,5
2827,3,4
2827,4,7
2839,0,8
2839,1,12
2839,2,7
2839,3,3
2839,4,9
2840,0,4
2840,1,10
2840,2,7
2840,3,5
2840,4,11
2841,0,6
2841,1,14
2841,2,5
2841,3,5
2841,4,4
2842,0,3
2842,1,8
2842,2,6
2842,3,5
2842,4,4
2843,0,4
2843,1,8
2843,2,6
2843,3,5
2843,4,3
2844,0,5
2844,1,8
2844,2,7
2844,3,5
2845,0,5
2845,1,5
2845,2,7
2845,3,5
2845,4,3
2846,0,7
2846,1,4
2846,2,9
2846,3,5
2847,0,7
2847,1,4
2847,2,9
2847,3,5
2848,0,9
2848,1,9
2848,3,6
2848,4,19
2849,0,5
2849,1,7
2849,3,3
2849,4,7
2850,0,3
2850,1,7
2850,3,4
2850,4,7
2868,0,3
2868,1,3
2868,2,5
2868,3,3
2868,4,3
2869,0,4
2869,1,3
2869,2,5
2869,3,3
2869,4,3
2870,0,4
2870,1,3
2870,2,5
2870,3,3
2870,4,7
2871,0,5
2871,1,5
2871,2,9
2871,3,7
2871,4,7
2872,0,3
2872,1,3
2872,2,5
2872,3,5
2872,4,5
2873,0,2
2873,1,3
2873,2,5
2873,3,5
2873,4,5
2874,0,4
2874,1,3
2874,2,5
2874,3,9
2874,4,5
2875,0,5
2875,1,3
2875,2,3
2875,3,5
2875,4,5
2876,0,4
2876,1,2
2876,2,4
2876,3,6
2876,4,8
2877,0,4
2877,2,4
2877,3,6
2877,4,8
2878,0,3
2878,1,4
2878,2,5
2878,3,9
2878,4,4
2879,0,5
2879,1,4
2879,2,5
2879,3,7
2879,4,5
2880,0,5
2880,1,5
2880,2,3
2880,3,7
2880,4,7
2881,0,5
2881,1,4
2881,2,3
2881,3,7
2881,4,7
2882,0,5
2882,1,5
2882,2,3
2882,3,5
2882,4,4
2883,0,5
2883,1,5
2883,2,5
2883,3,5
2883,4,4
2884,0,5
2884,1,3
2884,2,5
2884,3,5
2884,4,3
2885,0,6
2885,1,3
2885,2,5
2885,3,5
2885,4,3
2886,0,8
2886,1,3
2886,2,6
2886,3,5
2886,4,3
2887,0,7
2887,1,2
2887,3,4
2887,4,3
2888,0,5
2888,1,3
2888,2,3
2888,3,4
2888,4,3
2889,0,5
2889,1,3
2889,2,4
2889,3,3
2889,4,7
2890,0,3
2890,1,2
2890,2,3
2890,3,3
2890,4,9
2891,0,6
2891,1,4
2891,2,4
2891,3,3
2891,4,9
2892,0,7
2892,1,4
2892,2,7
2892,3,5
2892,4,9
2893,0,11
2893,1,4
2893,2,5
2893,3,7
2893,4,9
2894,0,10
2894,1,5
2894,2,4
2894,3,8
2894,4,5
2895,0,11
2895,1,5
2895,2,3
2895,3,6
2895,4,5
2896,0,11
2896,1,9
2896,2,7
2896,3,7
2896,4,4
2897,0,7
2897,1,8
2897,2,11
2897,3,7
2897,4,7
2898,0,7
2898,1,7
2898,2,9
2898,3,7
2898,4,7
2899,0,7
2899,1,7
2899,2,8
2899,3,7
2899,4,9
2900,0,5
2900,1,8
2900,2,12
2900,3,9
2900,4,9
2901,0,2
2901,1,5
2901,2,12
2901,3,7
2901,4,5
2902,0,2
2902,1,4
2902,2,11
2902,3,7
2902,4,5
2903,0,5
2903,1,5
2903,2,14
2903,3,7
2903,4,5
2904,0,8
2904,1,7
2904,2,13
2904,3,6
2904,4,7
2905,0,7
2905,1,8
2905,2,5
2905,3,3
2905,4,4
2906,0,6
2906,1,4
2906,2,5
2906,3,3
2907,0,6
2907,1,9
2907,2,6
2907,3,5
2907,4,8
2908,0,6
2908,1,9
2908,2,6
2908,3,5
2908,4,9
2909,0,6
2909,1,9
2909,2,3
2909,3,3
2909,4,14
2910,0,8
2910,1,14
2910,2,9
2910,3,8
2910,4,14
2911,0,10
2911,1,11
2911,2,12
2911,3,8
2911,4,14
2923,0,11
2923,1,10
2923,2,15
2923,3,7
2923,4,12
2924,0,8
2924,1,11
2924,2,16
2924,3,9
2924,4,15
2925,0,9
2925,1,14
2925,2,14
2925,3,9
2925,4,14
2926,0,7
2926,1,12
2926,2,13
2926,3,9
2926,4,11
2927,0,10
2927,1,15
2927,2,12
2927,3,10
2927,4,9
2928,0,9
2928,1,10
2928,2,13
2928,3,8
2928,4,4
2929,0,6
2929,1,5
2929,2,11
2929,3,4
2929,4,3
2930,0,6
2930,1,4
2930,2,17
2930,3,4
2931,0,3
2931,1,4
2931,2,13
2931,3,3
2931,4,3
2932,0,10
2932,1,11
2932,2,5
2932,3,8
2932,4,24
2933,0,6
2933,1,11
2933,2,5
2933,3,6
2933,4,12
2934,0,6
2934,1,11
2934,2,5
2934,3,6
2934,4,12
2951,0,5
2951,1,7
2951,2,7
2951,3,5
2951,4,5
2952,0,3
2952,1,3
2952,2,5
2952,3,3
2952,4,3
2953,0,4
2953,1,3
2953,2,5
2953,3,3
2953,4,7
2954,0,4
2954,1,3
2954,2,6
2954,3,7
2954,4,7
2955,0,2
2955,1,2
2955,2,4
2955,3,4
2955,4,6
2956,0,2
2956,1,2
2956,2,4
2956,3,6
2956,4,6
2957,0,4
2957,1,2
2957,2,6
2957,3,6
2957,4,6
2958,0,5
2958,1,3
2958,2,5
2958,3,5
2958,4,5
2959,0,4
2959,1,3
2959,2,3
2959,3,5
2959,4,4
2960,0,4
2960,1,2
2960,2,3
2960,3,6
2960,4,8
2961,0,6
2961,2,3
2961,3,6
2961,4,8
2962,0,7
2962,1,3
2962,2,4
2962,3,9
2962,4,7
2963,0,6
2963,1,2
2963,2,3
2963,3,7
2963,4,4
2964,0,4
2964,1,3
2964,2,3
2964,3,8
2964,4,5
2965,0,5
2965,1,5
2965,2,3
2965,3,7
2965,4,5
2966,0,5
2966,1,2
2966,2,3
2966,3,5
2966,4,6
2967,0,5
2967,1,4
2967,2,5
2967,3,5
2967,4,4
2968,0,5
2968,1,3
2968,2,5
2968,3,5
2968,4,3
2969,0,6
2969,1,3
2969,2,5
2969,3,7
2969,4,3
2970,0,6
2970,1,3
2970,2,3
2970,3,8
2970,4,3
2971,0,5
2971,1,3
2971,2,4
2971,3,8
2971,4,3
2972,0,5
2972,1,3
2972,2,4
2972,3,7
2972,4,3
2973,0,3
2973,1,3
2973,2,5
2973,3,7
2973,4,7
2974,0,3
2974,1,2
2974,2,5
2974,3,9
2974,4,7
2975,0,7
2975,2,6
2975,3,7
2975,4,9
2976,0,9
2976,1,2
2976,2,5
2976,3,9
2976,4,7
2977,0,9
2977,1,2
2977,2,5
2977,3,9
2977,4,8
2978,0,8
2978,1,3
2978,2,4
2978,3,8
2978,4,9
2979,0,10
2979,1,3
2979,2,3
2979,3,8
2979,4,4
2980,0,9
2980,1,6
2980,2,4
2980,3,11
2980,4,4
2981,0,11
2981,1,4
2981,2,6
2981,3,11
2981,4,7
2982,0,11
2982,1,3
2982,2,4
2982,3,9
2982,4,7
2983,0,11
2983,1,6
2983,2,4
2983,3,9
2983,4,9
2984,0,8
2984,1,7
2984,2,8
2984,3,11
2984,4,7
2985,0,7
2985,1,7
2985,2,10
2985,3,9
2985,4,5
2986,0,6
2986,1,3
2986,2,7
2986,3,9
2986,4,5
2987,0,9
2987,1,3
2987,2,10
2987,3,9
2987,4,4
2988,0,9
2988,1,4
2988,2,9
2988,3,10
2988,4,6
2989,0,12
2989,1,4
2989,2,4
2989,3,7
2989,4,5
2990,0,11
2990,1,2
2990,2,4
2990,3,9
2990,4,5
2991,0,11
2991,1,3
2991,2,5
2991,3,10
2991,4,3
2992,0,9
2992,1,6
2992,2,5
2992,3,10
2992,4,9
2993,0,7
2993,1,6
2993,2,2
2993,3,6
2993,4,12
2994,0,9
2994,1,7
2994,2,4
2994,3,8
2994,4,13
2995,0,7
2995,1,6
2995,2,4
2995,3,8
2995,4,11
2996,0,5
2996,1,7
2996,2,6
2996,3,9
2996,4,9
2997,0,7
2997,1,2
2997,2,6
2997,3,6
2997,4,9
2998,0,9
2998,1,5
2998,2,6
2998,3,7
2998,4,5
2999,0,9
2999,1,4
2999,2,7
2999,3,7
2999,4,3
3000,0,9
3000,1,2
3000,2,3
3000,3,8
3000,4,5
3001,0,12
3001,1,2
3001,2,4
3001,3,10
3001,4,5
3002,0,8
3002,1,4
3002,2,12
3002,3,9
3002,4,3
3003,0,8
3003,2,4
3003,3,9
3003,4,5
3004,0,6
3004,1,4
3004,2,5
3004,3,11
3004,4,7
3005,0,7
3005,1,2
3005,2,6
3005,3,9
3005,4,9
3006,0,10
3006,1,2
3006,2,5
3006,3,9
3006,4,7
3007,0,12
3007,2,5
3007,3,9
3007,4,9
3008,0,4
3008,1,6
3008,2,6
3008,3,9
3008,4,12
3009,0,4
3009,1,7
3009,2,4
3009,3,9
3009,4,11
3010,0,3
3010,1,6
3010,2,3
3010,3,9
3010,4,9
3011,0,9
3011,1,8
3011,2,4
3011,3,9
3011,4,2
3012,0,9
3012,1,5
3012,2,4
3012,3,9
3012,4,2
3013,0,10
3013,1,5
3013,2,6
3013,3,8
3014,0,10
3014,1,3
3014,2,6
3014,3,6
3014,4,3
3015,0,8
3015,1,3
3015,2,7
3015,3,8
3015,4,3
3016,0,9
3016,1,6
3016,3,10
3016,4,19
3017,0,3
3017,1,5
3017,3,8
3017,4,7
3018,0,3
3018,1,5
3018,3,10
3018,4,5
3035,0,3
3035,1,3
3035,2,5
3035,3,3
3035,4,3
3036,0,4
3036,1,3
3036,2,5
3036,3,3
3036,4,3
3037,0,4
3037,1,3
3037,2,5
3037,3,3
3037,4,7
3038,0,4
3038,1,4
3038,2,7
3038,3,4
3038,4,6
3039,0,2
3039,1,2
3039,2,4
3039,3,4
3039,4,6
3040,0,2
3040,1,2
3040,2,4
3040,3,6
3040,4,6
3041,0,4
3041,1,2
3041,2,4
3041,3,12
3041,4,6
3042,0,4
3042,1,2
3042,2,2
3042,3,6
3042,4,4
3043,0,4
3043,1,2
3043,2,2
3043,3,5
3043,4,12
3044,0,4
3044,1,2
3044,2,2
3044,3,6
3044,4,14
3045,0,4
3045,1,4
3045,2,2
3045,3,6
3045,4,12
3046,0,6
3046,1,5
3046,2,3
3046,3,5
3046,4,11
3047,0,5
3047,1,5
3047,2,3
3047,3,7
3047,4,11
3048,0,5
3048,1,4
3048,2,3
3048,3,7
3048,4,10
3049,0,5
3049,1,5
3049,2,3
3049,3,5
3049,4,10
3050,0,4
3050,1,4
3050,2,3
3050,3,4
3050,4,10
3051,0,5
3051,1,5
3051,2,5
3051,3,8
3051,4,7
3052,0,5
3052,1,4
3052,2,5
3052,3,7
3052,4,9
3053,0,6
3053,2,5
3053,3,7
3053,4,9
3054,0,4
3054,1,3
3054,2,6
3054,3,6
3054,4,9
3055,0,5
3055,1,3
3055,2,4
3055,3,6
3055,4,9
3056,0,3
3056,1,5
3056,2,4
3056,3,7
3056,4,7
3057,0,3
3057,1,5
3057,2,5
3057,3,7
3057,4,9
3058,0,4
3058,1,3
3058,2,5
3058,3,7
3058,4,9
3059,0,9
3059,1,4
3059,2,3
3059,3,7
3059,4,7
3060,0,9
3060,1,4
3060,2,6
3060,3,7
3060,4,7
3061,0,9
3061,2,5
3061,3,7
3061,4,14
3062,0,8
3062,1,3
3062,2,4
3062,3,8
3062,4,11
3063,0,8
3063,2,3
3063,3,6
3063,4,11
3064,0,7
3064,1,2
3064,2,5
3064,3,9
3064,4,10
3065,0,9
3065,1,2
3065,2,9
3065,3,9
3065,4,13
3066,0,9
3066,1,2
3066,2,7
3066,3,7
3066,4,15
3067,0,9
3067,1,2
3067,2,10
3067,3,7
3067,4,13
3068,0,5
3068,1,3
3068,2,6
3068,3,7
3068,4,11
3069,0,4
3069,1,6
3069,2,8
3069,3,8
3069,4,9
3070,0,5
3070,1,3
3070,2,5
3070,3,8
3070,4,4
3071,0,9
3071,1,3
3071,2,10
3071,3,8
3071,4,4
3072,0,11
3072,1,3
3072,2,9
3072,3,7
3072,4,5
3073,0,10
3073,2,3
3073,3,10
3073,4,5
3074,0,10
3074,2,3
3074,3,7
3074,4,5
3075,0,11
3075,1,4
3075,2,3
3075,3,8
3075,4,4
3076,0,9
3076,1,3
3076,2,3
3076,3,8
3076,4,7
3077,0,8
3077,1,4
3077,3,6
3077,4,8
3078,0,10
3078,1,6
3078,3,4
3078,4,10
3079,0,11
3079,1,6
3079,2,3
3079,3,5
3079,4,9
3080,0,9
3080,1,7
3080,2,6
3080,3,8
3080,4,9
3081,0,8
3081,1,2
3081,2,6
3081,3,8
3081,4,11
3082,0,8
3082,1,5
3082,2,6
3082,3,9
3082,4,5
3083,0,10
3083,1,6
3083,2,7
3083,3,8
3083,4,5
3084,0,11
3084,1,2
3084,2,3
3084,3,8
3084,4,5
3085,0,9
3085,2,4
3085,3,8
3085,4,5
3086,0,7
3086,1,2
3086,2,12
3086,3,8
3086,4,5
3087,0,9
3087,2,4
3087,3,9
3087,4,5
3088,0,7
3088,1,4
3088,2,5
3088,3,13
3088,4,5
3089,0,8
3089,1,2
3089,2,7
3089,3,11
3089,4,5
3090,0,12
3090,1,2
3090,2,5
3090,3,11
3090,4,9
3091,0,9
3091,2,5
3091,3,11
3091,4,9
3092,0,7
3092,1,4
3092,2,6
3092,3,13
3092,4,11
3093,0,8
3093,1,4
3093,2,4
3093,3,13
3093,4,8
3094,0,6
3094,1,4
3094,2,3
3094,3,13
3094,4,9
3095,0,7
3095,1,6
3095,2,6
3095,3,14
3095,4,4
3096,0,8
3096,1,4
3096,2,6
3096,3,11
3096,4,2
3097,0,8
3097,1,4
3097,2,7
3097,3,10
3097,4,3
3098,0,6
3098,1,3
3098,2,7
3098,3,8
3098,4,4
3099,0,8
3099,1,2
3099,2,5
3099,3,8
3099,4,4
3100,0,9
3100,1,5
3100,2,2
3100,3,10
3100,4,19
3101,0,5
3101,1,5
3101,2,2
3101,3,6
3101,4,5
3102,0,5
3102,1,5
3102,2,2
3102,3,7
3102,4,5
3118,0,3
3118,1,6
3118,2,7
3118,3,3
3118,4,3
3119,0,3
3119,1,2
3119,2,5
3119,3,3
3119,4,3
3120,0,4
3120,1,3
3120,2,5
3120,3,3
3120,4,5
3121,0,4
3121,1,3
3121,2,5
3121,3,7
3121,4,7
3122,0,2
3122,1,2
3122,2,2
3122,3,4
3122,4,6
3123,0,2
3123,1,2
3123,2,4
3123,3,4
3123,4,6
3124,0,4
3124,1,2
3124,2,4
3124,3,6
3124,4,6
3125,0,4
3125,1,2
3125,2,4
3125,3,6
3125,4,4
3126,0,4
3126,1,2
3126,2,2
3126,3,6
3126,4,4
3127,0,4
3127,1,2
3127,2,2
3127,3,6
3127,4,6
3128,0,4
3128,1,2
3128,2,2
3128,3,6
3128,4,8
3129,0,5
3129,1,3
3129,2,2
3129,3,6
3129,4,8
3130,0,4
3130,1,3
3130,2,2
3130,3,6
3130,4,8
3131,0,4
3131,1,6
3131,2,2
3131,3,10
3131,4,8
3132,0,5
3132,1,6
3132,2,2
3132,3,9
3132,4,10
3133,0,5
3133,1,7
3133,2,2
3133,3,7
3133,4,6
3134,0,6
3134,1,4
3134,2,2
3134,3,6
3134,4,5
3135,0,7
3135,1,7
3135,2,3
3135,3,9
3135,4,3
3136,0,7
3136,1,6
3136,2,3
3136,3,6
3136,4,3
3137,0,8
3137,1,6
3137,2,3
3137,3,8
3137,4,3
3138,0,6
3138,1,7
3138,2,5
3138,3,8
3138,4,3
3139,0,7
3139,1,7
3139,2,6
3139,3,8
3139,4,3
3140,0,5
3140,1,6
3140,2,6
3140,3,7
3140,4,3
3141,0,3
3141,1,4
3141,2,7
3141,3,7
3141,4,3
3142,0,7
3142,1,5
3142,2,7
3142,3,7
3142,4,5
3143,0,9
3143,1,7
3143,2,4
3143,3,7
3143,4,7
3144,0,9
3144,1,6
3144,2,9
3144,3,7
3144,4,7
3145,0,11
3145,1,7
3145,2,4
3145,3,7
3145,4,9
3146,0,10
3146,1,6
3146,2,6
3146,3,6
3146,4,12
3147,0,10
3147,1,4
3147,2,5
3147,3,4
3147,4,7
3148,0,10
3148,1,4
3148,2,7
3148,3,4
3148,4,6
3149,0,11
3149,1,2
3149,2,11
3149,3,7
3149,4,9
3150,0,9
3150,1,2
3150,2,5
3150,3,8
3150,4,11
3151,0,8
3151,2,11
3151,3,8
3151,4,9
3152,0,4
3152,1,4
3152,2,11
3152,3,9
3152,4,9
3153,0,3
3153,2,8
3153,3,13
3153,4,7
3154,0,6
3154,2,7
3154,3,13
3154,4,9
3155,0,8
3155,2,10
3155,3,15
3155,4,5
3156,0,8
3156,2,9
3156,3,16
3156,4,6
3157,0,12
3157,2,4
3157,3,13
3157,4,4
3158,0,12
3158,2,3
3158,3,9
3158,4,5
3159,0,9
3159,1,2
3159,2,4
3159,3,10
3159,4,6
3160,0,7
3160,2,4
3160,3,9
3160,4,9
3161,0,8
3161,1,2
3161,2,4
3161,3,9
3161,4,12
3162,0,7
3162,1,2
3162,2,6
3162,3,6
3162,4,13
3163,0,7
3163,1,4
3163,2,5
3163,3,8
3163,4,11
3164,0,6
3164,1,5
3164,2,8
3164,3,7
3164,4,11
3165,0,6
3165,1,3
3165,2,6
3165,3,7
3165,4,11
3166,0,10
3166,1,6
3166,2,6
3166,3,8
3166,4,5
3167,0,9
3167,1,6
3167,2,7
3167,3,9
3167,4,5
3168,0,8
3168,1,6
3168,2,5
3168,3,8
3168,4,5
3169,0,6
3169,1,4
3169,2,6
3169,3,9
3169,4,9
3170,0,6
3170,1,4
3170,2,12
3170,3,11
3170,4,5
3171,0,8
3171,1,4
3171,2,6
3171,3,9
3171,4,5
3172,0,8
3172,1,7
3172,2,7
3172,3,13
3172,4,3
3173,0,7
3173,1,2
3173,2,7
3173,3,11
3173,4,9
3174,0,12
3174,1,2
3174,2,7
3174,3,9
3174,4,7
3175,0,8
3175,2,6
3175,3,11
3175,4,9
3176,0,8
3176,1,2
3176,2,8
3176,3,15
3176,4,14
3177,0,4
3177,1,2
3177,2,8
3177,3,13
3177,4,13
3178,0,8
3178,1,2
3178,2,7
3178,3,11
3178,4,10
3179,0,11
3179,1,6
3179,2,10
3179,3,13
3179,4,2
3180,0,8
3180,1,4
3180,2,12
3180,3,11
3180,4,2
3181,0,5
3181,1,3
3181,2,12
3181,3,12
3181,4,4
3182,0,6
3182,1,3
3182,2,10
3182,3,6
3182,4,4
3183,0,4
3183,1,3
3183,2,7
3183,3,4
3183,4,6
3184,0,7
3184,1,3
3184,2,4
3184,3,9
3184,4,21
3185,0,3
3185,1,4
3185,2,4
3185,3,11
3185,4,7
3186,0,3
3186,1,4
3186,2,4
3186,3,10
3186,4,7
3202,0,3
3202,2,7
3202,3,3
3202,4,3
3203,0,4
3203,2,7
3203,3,3
3203,4,5
3204,0,4
3204,1,2
3204,2,7
3204,3,3
3204,4,5
3205,0,3
3205,1,2
3205,2,8
3205,3,4
3205,4,4
3206,0,2
3206,1,2
3206,2,4
3206,3,4
3206,4,6
3207,0,2
3207,1,2
3207,2,6
3207,3,4
3207,4,6
3208,0,2
3208,1,2
3208,2,6
3208,3,6
3208,4,3
3209,0,2
3209,1,2
3209,2,4
3209,3,4
3209,4,3
3210,0,4
3210,1,2
3210,2,4
3210,3,6
3210,4,4
3211,0,4
3211,1,2
3211,2,4
3211,3,6
3211,4,5
3212,0,4
3212,1,2
3212,2,4
3212,3,5
3212,4,4
3213,0,3
3213,1,6
3213,2,4
3213,3,3
3213,4,6
3214,0,2
3214,1,6
3214,2,4
3214,3,3
3214,4,8
3215,0,2
3215,1,5
3215,2,4
3215,3,8
3215,4,8
3216,1,7
3216,2,4
3216,3,3
3216,4,8
3217,0,2
3217,1,8
3217,2,4
3217,3,3
3217,4,7
3218,0,3
3218,1,7
3218,2,4
3218,3,3
3218,4,4
3219,0,3
3219,1,10
3219,2,5
3219,3,3
3219,4,3
3220,0,3
3220,1,8
3220,2,5
3220,3,6
3220,4,3
3221,0,4
3221,1,9
3221,2,5
3221,3,4
3221,4,3
3222,0,4
3222,1,8
3222,2,11
3222,3,4
3222,4,3
3223,0,4
3223,1,9
3223,2,6
3223,3,6
3223,4,3
3224,0,3
3224,1,11
3224,2,8
3224,3,4
3224,4,3
3225,0,4
3225,1,8
3225,2,9
3225,3,3
3225,4,3
3226,0,4
3226,1,6
3226,2,9
3226,3,3
3226,4,3
3227,0,7
3227,1,9
3227,2,6
3227,3,2
3227,4,7
3228,0,9
3228,1,8
3228,2,9
3228,3,3
3228,4,7
3229,0,9
3229,1,9
3229,2,6
3229,4,14
3230,0,6
3230,1,10
3230,2,8
3230,3,2
3230,4,16
3231,0,7
3231,1,6
3231,2,7
3231,3,2
3231,4,11
3232,0,8
3232,1,7
3232,2,9
3232,3,5
3232,4,10
3233,0,5
3233,1,6
3233,2,11
3233,3,4
3233,4,7
3234,0,6
3234,1,4
3234,2,7
3234,3,5
3234,4,9
3235,0,7
3235,1,3
3235,2,13
3235,3,5
3235,4,11
3236,0,4
3236,1,4
3236,2,11
3236,3,7
3236,4,9
3237,1,3
3237,2,10
3237,3,11
3237,4,7
3238,0,4
3238,1,3
3238,2,9
3238,3,11
3238,4,7
3239,0,6
3239,1,3
3239,2,12
3239,3,11
3239,4,6
3240,0,8
3240,1,3
3240,2,11
3240,3,8
3240,4,4
3241,0,8
3241,1,4
3241,2,5
3241,3,6
3241,4,7
3242,0,9
3242,1,3
3242,2,5
3242,3,8
3242,4,5
3243,0,7
3243,1,4
3243,2,6
3243,3,11
3243,4,6
3244,0,7
3244,1,3
3244,2,6
3244,3,10
3244,4,7
3245,0,9
3245,1,4
3245,2,6
3245,3,8
3245,4,13
3246,0,4
3246,1,4
3246,2,8
3246,3,6
3246,4,9
3247,0,7
3247,1,6
3247,2,7
3247,3,6
3247,4,11
3248,0,5
3248,1,6
3248,2,9
3248,3,10
3248,4,13
3249,0,3
3249,1,5
3249,2,7
3249,3,14
3249,4,10
3250,0,4
3250,1,7
3250,2,7
3250,3,7
3250,4,4
3251,0,6
3251,1,7
3251,2,6
3251,3,11
3251,4,8
3252,0,4
3252,1,7
3252,2,5
3252,3,12
3252,4,5
3253,0,4
3253,1,7
3253,2,5
3253,3,12
3253,4,7
3254,0,5
3254,1,10
3254,2,5
3254,3,11
3254,4,8
3255,0,6
3255,1,6
3255,2,5
3255,3,10
3255,4,6
3256,0,5
3256,1,5
3256,2,5
3256,3,12
3256,4,4
3257,0,9
3257,1,7
3257,2,6
3257,3,14
3257,4,8
3258,0,6
3258,1,3
3258,2,6
3258,3,7
3258,4,7
3259,0,7
3259,1,3
3259,2,5
3259,3,8
3259,4,8
3260,0,3
3260,1,4
3260,2,6
3260,3,7
3260,4,19
3261,0,2
3261,1,4
3261,2,6
3261,3,12
3261,4,13
3262,0,3
3262,1,4
3262,2,6
3262,3,9
3262,4,11
3263,0,7
3263,1,5
3263,2,8
3263,3,9
3263,4,6
3264,0,6
3264,1,4
3264,2,8
3264,3,9
3264,4,3
3265,0,6
3265,1,3
3265,2,9
3265,3,8
3265,4,2
3266,0,5
3266,1,3
3266,2,9
3266,3,7
3266,4,6
3267,0,6
3267,1,3
3267,2,7
3267,3,10
3267,4,6
3268,0,5
3268,1,4
3268,2,6
3268,3,13
3268,4,21
3269,0,3
3269,1,4
3269,2,6
3269,3,11
3269,4,9
3270,0,3
3270,1,4
3270,2,6
3270,3,8
3270,4,5
3285,0,5
3285,1,3
3285,2,7
3285,3,3
3285,4,3
3286,0,5
3286,1,3
3286,2,7
3286,3,3
3286,4,3
3287,0,5
3287,1,3
3287,2,7
3287,3,3
3287,4,5
3288,0,5
3288,1,4
3288,2,7
3288,3,5
3288,4,5
3289,0,4
3289,1,4
3289,2,4
3289,3,4
3289,4,4
3290,0,4
3290,1,4
3290,2,4
3290,3,4
3290,4,4
3291,0,4
3291,1,4
3291,2,7
3291,3,4
3291,4,5
3292,0,4
3292,1,4
3292,2,13
3292,3,4
3292,4,4
3293,0,4
3293,1,4
3293,2,5
3293,3,4
3293,4,3
3294,0,6
3294,1,4
3294,2,5
3294,3,4
3294,4,4
3295,0,6
3295,1,4
3295,2,5
3295,3,6
3295,4,2
3296,0,5
3296,1,4
3296,2,5
3296,3,3
3296,4,4
3297,0,4
3297,1,8
3297,2,5
3297,3,2
3297,4,4
3298,0,4
3298,1,8
3298,2,5
3298,3,2
3298,4,6
3299,0,3
3299,1,8
3299,2,5
3299,3,7
3299,4,5
3300,0,2
3300,1,8
3300,2,5
3300,3,3
3300,4,6
3301,0,2
3301,1,8
3301,2,5
3301,3,3
3301,4,7
3302,0,3
3302,1,9
3302,2,5
3302,3,3
3302,4,6
3303,0,4
3303,1,11
3303,2,6
3303,3,3
3303,4,3
3304,0,7
3304,1,11
3304,2,6
3304,3,6
3304,4,4
3305,0,6
3305,1,16
3305,2,8
3305,3,5
3305,4,6
3306,0,8
3306,1,13
3306,2,11
3306,3,4
3306,4,6
3307,0,6
3307,1,13
3307,2,8
3307,3,4
3307,4,6
3308,0,8
3308,1,16
3308,2,13
3308,3,4
3308,4,5
3309,0,8
3309,1,13
3309,2,13
3309,3,3
3309,4,6
3310,0,8
3310,1,10
3310,2,13
3310,3,3
3310,4,6
3311,0,12
3311,1,13
3311,2,10
3311,3,3
3311,4,10
3312,0,10
3312,1,10
3312,2,11
3312,3,2
3312,4,7
3313,0,11
3313,1,13
3313,2,10
3313,3,2
3313,4,12
3314,0,8
3314,1,10
3314,2,10
3314,3,2
3314,4,7
3315,0,6
3315,1,8
3315,2,7
3315,3,2
3315,4,9
3316,0,5
3316,1,9
3316,2,11
3316,3,3
3316,4,6
3317,0,5
3317,1,8
3317,2,11
3317,3,5
3317,4,9
3318,0,5
3318,1,6
3318,2,7
3318,3,7
3318,4,13
3319,0,3
3319,1,5
3319,2,13
3319,3,7
3319,4,14
3320,0,2
3320,1,5
3320,2,15
3320,3,10
3320,4,8
3321,0,4
3321,1,5
3321,2,14
3321,3,9
3321,4,5
3322,0,4
3322,1,5
3322,2,9
3322,3,9
3322,4,4
3323,0,5
3323,1,5
3323,2,14
3323,3,9
3323,4,4
3324,0,8
3324,1,5
3324,2,6
3324,3,10
3324,4,9
3325,0,6
3325,1,5
3325,2,6
3325,3,9
3325,4,5
3326,0,6
3326,1,5
3326,2,6
3326,3,7
3326,4,5
3327,0,4
3327,1,5
3327,2,7
3327,3,8
3327,4,6
3328,0,5
3328,1,6
3328,2,6
3328,3,8
3328,4,6
3329,0,7
3329,1,6
3329,2,6
3329,3,5
3329,4,11
3330,0,5
3330,1,6
3330,2,8
3330,3,6
3330,4,8
3331,0,6
3331,1,5
3331,2,7
3331,3,6
3331,4,8
3332,0,6
3332,1,7
3332,2,9
3332,3,9
3332,4,12
3333,0,3
3333,1,7
3333,2,7
3333,3,12
3333,4,12
3334,0,11
3334,1,7
3334,2,7
3334,3,9
3334,4,4
3335,0,6
3335,1,9
3335,2,6
3335,3,9
3335,4,7
3336,0,5
3336,1,9
3336,2,5
3336,3,9
3336,4,5
3337,0,9
3337,1,9
3337,2,5
3337,3,7
3337,4,8
3338,0,6
3338,1,12
3338,2,5
3338,3,9
3338,4,8
3339,0,6
3339,1,8
3339,2,5
3339,3,7
3339,4,6
3340,0,9
3340,1,7
3340,2,5
3340,3,10
3340,4,3
3341,0,9
3341,1,9
3341,2,6
3341,3,13
3341,4,8
3342,0,5
3342,1,5
3342,2,6
3342,3,7
3342,4,8
3343,0,6
3343,1,5
3343,2,5
3343,3,9
3343,4,8
3344,0,4
3344,1,8
3344,2,8
3344,3,7
3344,4,14
3345,0,4
3345,1,8
3345,2,8
3345,3,12
3345,4,16
3346,0,6
3346,1,8
3346,2,8
3346,3,11
3346,4,14
3347,0,6
3347,1,6
3347,2,6
3347,3,11
3347,4,4
3348,0,7
3348,1,6
3348,2,9
3348,3,9
3348,4,4
3349,0,6
3349,1,5
3349,2,10
3349,3,10
3349,4,6
3350,0,4
3350,1,3
3350,2,9
3350,3,7
3350,4,4
3351,0,2
3351,1,3
3351,2,11
3351,3,8
3351,4,5
3352,0,8
3352,1,4
3352,2,5
3352,3,8
3352,4,21
3353,0,3
3353,1,4
3353,2,5
3353,3,10
3353,4,7
3354,0,3
3354,1,4
3354,2,5
3354,3,11
3354,4,7
3369,0,2
3369,1,3
3369,2,7
3369,3,3
3369,4,3
3370,0,3
3370,1,3
3370,2,7
3370,3,3
3370,4,7
3371,0,4
3371,1,3
3371,2,7
3371,3,3
3371,4,5
3372,0,3
3372,1,4
3372,2,14
3372,3,4
3372,4,4
3373,0,4
3373,1,4
3373,2,4
3373,3,4
3373,4,4
3374,0,4
3374,1,4
3374,2,4
3374,3,4
3374,4,4
3375,0,4
3375,1,4
3375,2,6
3375,3,4
3375,4,2
3376,0,4
3376,1,4
3376,2,4
3376,3,4
3376,4,4
3377,0,4
3377,1,4
3377,2,4
3377,3,4
3377,4,4
3378,0,6
3378,1,4
3378,2,4
3378,3,4
3379,0,6
3379,1,4
3379,2,4
3379,3,2
3379,4,2
3380,0,5
3380,1,4
3380,2,4
3380,3,2
3380,4,2
3381,0,4
3381,1,6
3381,2,4
3381,3,2
3381,4,4
3382,0,4
3382,1,6
3382,2,4
3382,3,2
3382,4,4
3383,0,3
3383,1,8
3383,2,4
3383,4,5
3384,0,3
3384,1,8
3384,2,4
3384,4,6
3385,0,5
3385,1,8
3385,2,4
3385,4,6
3386,0,4
3386,1,8
3386,2,4
3386,4,5
3387,0,4
3387,1,9
3387,2,4
3387,3,3
3387,4,6
3388,0,6
3388,1,7
3388,2,4
3388,3,4
3388,4,4
3389,0,8
3389,1,10
3389,2,4
3389,3,3
3389,4,4
3390,0,9
3390,1,11
3390,2,8
3390,3,3
3390,4,4
3391,0,6
3391,1,11
3391,2,6
3391,3,3
3391,4,4
3392,0,5
3392,1,12
3392,2,8
3392,3,3
3392,4,4
3393,0,4
3393,1,8
3393,2,8
3393,3,3
3393,4,4
3394,0,6
3394,1,7
3394,2,8
3394,3,3
3394,4,3
3395,0,8
3395,1,8
3395,2,5
3395,3,3
3395,4,6
3396,0,9
3396,1,8
3396,2,8
3396,3,4
3396,4,8
3397,0,9
3397,1,10
3397,2,5
3397,3,4
3397,4,8
3398,0,10
3398,1,10
3398,2,6
3398,3,4
3398,4,10
3399,0,8
3399,1,8
3399,2,6
3399,3,4
3399,4,6
3400,0,3
3400,1,7
3400,2,6
3400,3,6
3400,4,7
3401,0,3
3401,1,8
3401,2,8
3401,3,6
3401,4,9
3402,0,2
3402,1,5
3402,2,6
3402,3,6
3402,4,10
3403,1,5
3403,2,6
3403,3,3
3403,4,9
3404,0,4
3404,1,5
3404,2,7
3404,3,8
3404,4,9
3405,0,4
3405,1,5
3405,2,5
3405,3,7
3405,4,5
3406,0,3
3406,1,5
3406,2,5
3406,3,9
3406,4,5
3407,0,8
3407,1,5
3407,2,5
3407,3,11
3407,4,4
3408,0,8
3408,1,5
3408,2,5
3408,3,10
3408,4,6
3409,0,6
3409,1,5
3409,2,5
3409,3,9
3409,4,7
3410,0,5
3410,1,5
3410,2,5
3410,3,6
3410,4,4
3411,0,3
3411,1,5
3411,2,5
3411,3,6
3411,4,9
3412,0,4
3412,1,5
3412,2,5
3412,3,7
3412,4,5
3413,0,4
3413,1,5
3413,2,5
3413,3,5
3413,4,10
3414,0,4
3414,1,5
3414,2,5
3414,3,5
3414,4,11
3415,0,5
3415,1,5
3415,2,5
3415,3,5
3415,4,10
3416,0,3
3416,1,5
3416,2,5
3416,3,5
3416,4,12
3417,0,4
3417,1,7
3417,2,5
3417,3,11
3417,4,14
3418,0,11
3418,1,7
3418,2,5
3418,3,7
3418,4,8
3419,0,7
3419,1,7
3419,2,5
3419,3,7
3419,4,5
3420,0,7
3420,1,9
3420,2,5
3420,3,9
3420,4,8
3421,0,10
3421,1,9
3421,2,5
3421,3,6
3421,4,10
3422,0,9
3422,1,12
3422,2,5
3422,3,10
3422,4,8
3423,0,9
3423,1,8
3423,2,5
3423,3,5
3423,4,5
3424,0,7
3424,1,7
3424,2,5
3424,3,6
3424,4,8
3425,0,7
3425,1,9
3425,2,6
3425,3,11
3425,4,6
3426,0,4
3426,1,5
3426,2,6
3426,3,4
3426,4,8
3427,0,3
3427,1,5
3427,2,5
3427,3,4
3427,4,8
3428,0,2
3428,1,5
3428,2,5
3428,3,5
3428,4,20
3429,0,4
3429,1,5
3429,2,5
3429,3,10
3429,4,16
3430,0,3
3430,1,5
3430,2,5
3430,3,7
3430,4,10
3431,0,6
3431,1,5
3431,2,5
3431,3,8
3431,4,7
3432,0,6
3432,1,5
3432,2,5
3432,3,9
3432,4,4
3433,0,4
3433,1,5
3433,2,5
3433,3,5
3433,4,4
3434,0,4
3434,1,5
3434,2,5
3434,3,4
3434,4,5
3435,0,2
3435,1,3
3435,2,5
3435,3,7
3435,4,4
3436,0,7
3436,1,3
3436,2,5
3436,3,9
3436,4,22
3437,0,3
3437,1,3
3437,2,5
3437,3,11
3437,4,8
3438,0,3
3438,1,3
3438,2,5
3438,3,9
3438,4,6
3452,0,2
3452,1,3
3452,2,3
3452,3,3
3452,4,3
3453,0,2
3453,1,3
3453,2,7
3453,3,3
3453,4,3
3454,0,2
3454,1,3
3454,2,7
3454,3,3
3454,4,5
3455,0,3
3455,1,4
3455,2,7
3455,3,3
3455,4,4
3456,0,3
3456,1,4
3456,2,3
3456,3,4
3456,4,4
3457,0,3
3457,1,4
3457,2,3
3457,3,4
3457,4,4
3458,0,3
3458,1,4
3458,2,3
3458,3,4
3458,4,2
3459,0,3
3459,1,4
3459,2,8
3459,3,4
3459,4,2
3460,0,3
3460,1,4
3460,2,8
3460,3,4
3460,4,2
3461,0,3
3461,1,4
3461,2,8
3461,3,4
3461,4,4
3462,0,4
3462,1,4
3462,2,8
3462,3,4
3462,4,2
3463,0,4
3463,1,4
3463,2,8
3463,3,2
3464,0,4
3464,1,4
3464,2,8
3464,3,2
3464,4,2
3465,0,4
3465,1,4
3465,2,8
3465,3,2
3465,4,4
3466,0,3
3466,1,6
3466,2,8
3466,4,3
3467,0,3
3467,1,6
3467,2,8
3467,4,3
3468,0,7
3468,1,6
3468,2,8
3468,4,7
3469,0,7
3469,1,6
3469,2,8
3469,4,4
3470,0,9
3470,1,6
3470,2,8
3470,4,6
3471,0,9
3471,1,5
3471,2,8
3471,4,6
3472,0,9
3472,1,6
3472,2,8
3472,3,4
3472,4,7
3473,0,7
3473,1,7
3473,2,9
3473,3,3
3473,4,5
3474,0,7
3474,1,7
3474,2,13
3474,3,4
3474,4,5
3475,0,9
3475,1,7
3475,2,7
3475,3,4
3475,4,6
3476,0,7
3476,1,7
3476,2,13
3476,3,2
3476,4,5
3477,0,3
3477,1,9
3477,2,11
3477,3,3
3477,4,3
3478,0,5
3478,1,5
3478,2,11
3478,3,4
3478,4,5
3479,0,7
3479,1,5
3479,2,7
3479,3,4
3479,4,5
3480,0,9
3480,1,5
3480,2,7
3480,3,3
3480,4,5
3481,0,9
3481,1,5
3481,2,5
3481,3,4
3481,4,7
3482,0,6
3482,1,9
3482,2,7
3482,3,5
3482,4,7
3483,0,3
3483,1,5
3483,2,7
3483,3,5
3483,4,7
3484,0,3
3484,1,5
3484,2,7
3484,3,5
3484,4,4
3485,1,7
3485,2,9
3485,3,6
3485,4,8
3486,0,2
3486,1,5
3486,2,7
3486,3,6
3486,4,9
3487,0,3
3487,1,5
3487,2,7
3487,3,3
3487,4,7
3488,0,2
3488,1,5
3488,2,7
3488,3,4
3488,4,9
3489,0,4
3489,1,5
3489,2,5
3489,3,6
3489,4,7
3490,0,3
3490,1,5
3490,2,5
3490,3,7
3490,4,5
3491,0,6
3491,1,5
3491,2,5
3491,3,7
3491,4,5
3492,0,4
3492,1,5
3492,2,5
3492,3,6
3492,4,5
3493,0,4
3493,1,5
3493,2,5
3493,3,3
3493,4,6
3494,0,4
3494,1,5
3494,2,5
3494,3,2
3494,4,4
3495,0,4
3495,1,5
3495,2,5
3495,3,2
3495,4,7
3496,0,4
3496,1,5
3496,2,5
3496,3,2
3496,4,7
3497,0,4
3497,1,5
3497,2,5
3497,3,5
3497,4,6
3498,0,3
3498,1,5
3498,2,5
3498,3,5
3498,4,6
3499,0,4
3499,1,5
3499,2,5
3499,3,5
3499,4,6
3500,0,3
3500,1,5
3500,2,5
3500,3,3
3500,4,6
3501,0,7
3501,1,5
3501,2,5
3501,3,11
3501,4,10
3502,0,9
3502,1,5
3502,2,5
3502,3,7
3502,4,6
3503,0,6
3503,1,5
3503,2,5
3503,3,5
3503,4,6
3504,0,7
3504,1,5
3504,2,5
3504,3,7
3504,4,5
3505,0,12
3505,1,9
3505,2,11
3505,3,7
3505,4,9
3506,0,6
3506,1,9
3506,2,7
3506,3,5
3506,4,9
3507,0,6
3507,1,5
3507,2,7
3507,3,5
3507,4,6
3508,0,7
3508,1,5
3508,2,7
3508,3,4
3508,4,7
3509,0,5
3509,1,9
3509,2,7
3509,3,10
3509,4,8
3510,0,3
3510,1,5
3510,2,7
3510,3,3
3510,4,6
3511,0,2
3511,1,5
3511,2,7
3511,3,2
3511,4,8
3512,0,2
3512,1,5
3512,2,5
3512,3,2
3512,4,14
3513,0,2
3513,1,5
3513,2,5
3513,3,7
3513,4,12
3514,0,2
3514,1,5
3514,2,5
3514,3,3
3514,4,10
3515,0,4
3515,1,5
3515,2,5
3515,3,3
3515,4,8
3516,0,4
3516,1,5
3516,2,5
3516,3,7
3516,4,6
3517,0,4
3517,1,5
3517,2,5
3517,3,8
3517,4,6
3518,0,2
3518,1,5
3518,2,5
3518,3,3
3518,4,3
3519,0,3
3519,1,5
3519,2,5
3519,3,4
3519,4,5
3520,0,7
3520,1,5
3520,2,5
3520,3,3
3520,4,20
3521,0,3
3521,1,5
3521,2,5
3521,3,3
3521,4,8
3522,0,3
3522,1,5
3522,2,5
3522,3,4
3522,4,6
3536,0,2
3536,1,3
3536,2,3
3536,3,3
3536,4,3
3537,0,2
3537,1,3
3537,2,7
3537,3,3
3537,4,5
3538,0,2
3538,1,3
3538,2,7
3538,3,3
3538,4,5
3539,0,2
3539,1,3
3539,2,5
3539,3,4
3539,4,5
3540,0,2
3540,1,3
3540,2,3
3540,3,5
3540,4,5
3541,0,2
3541,1,3
3541,2,3
3541,3,5
3541,4,5
3542,0,2
3542,1,3
3542,2,3
3542,3,5
3542,4,3
3543,0,2
3543,1,3
3543,2,3
3543,3,5
3543,4,3
3544,0,2
3544,1,3
3544,2,3
3544,3,5
3544,4,3
3545,0,2
3545,1,3
3545,2,3
3545,3,5
3545,4,3
3546,0,3
3546,1,3
3546,2,3
3546,3,3
3546,4,3
3547,0,3
3547,1,3
3547,2,3
3547,3,4
3547,4,3
3548,0,3
3548,1,3
3548,2,3
3548,3,5
3548,4,2
3549,0,2
3549,1,3
3549,2,3
3549,3,5
3549,4,3
3550,0,2
3550,1,3
3550,2,3
3550,3,4
3550,4,4
3551,0,5
3551,1,3
3551,2,3
3551,3,4
3551,4,4
3552,0,6
3552,1,3
3552,2,3
3552,3,4
3552,4,5
3553,0,7
3553,1,3
3553,2,3
3553,3,4
3553,4,6
3554,0,6
3554,1,3
3554,2,3
3554,3,4
3554,4,5
3555,0,7
3555,1,6
3555,2,3
3555,3,3
3555,4,7
3556,0,10
3556,1,6
3556,2,3
3556,3,6
3556,4,8
3557,0,9
3557,1,7
3557,2,4
3557,3,5
3557,4,5
3558,0,7
3558,1,7
3558,2,6
3558,3,5
3558,4,6
3559,0,9
3559,1,7
3559,2,7
3559,3,6
3559,4,9
3560,0,5
3560,1,5
3560,2,13
3560,3,5
3560,4,7
3561,0,5
3561,1,7
3561,2,11
3561,3,6
3561,4,4
3562,0,5
3562,1,5
3562,2,11
3562,3,6
3562,4,5
3563,0,6
3563,1,5
3563,2,7
3563,3,5
3563,4,5
3564,0,10
3564,1,5
3564,2,7
3564,3,6
3564,4,7
3565,0,9
3565,1,5
3565,2,5
3565,3,4
3565,4,9
3566,0,6
3566,1,7
3566,2,7
3566,3,6
3566,4,6
3567,0,3
3567,1,5
3567,2,7
3567,3,8
3567,4,7
3568,0,3
3568,1,5
3568,2,7
3568,3,5
3568,4,6
3569,1,7
3569,2,9
3569,3,5
3569,4,6
3570,0,2
3570,1,5
3570,2,7
3570,3,4
3570,4,9
3571,0,2
3571,1,5
3571,2,7
3571,3,5
3571,4,9
3572,0,2
3572,1,5
3572,2,7
3572,3,4
3572,4,7
3573,0,3
3573,1,5
3573,2,5
3573,3,8
3573,4,7
3574,0,4
3574,1,5
3574,2,5
3574,3,5
3574,4,5
3575,0,5
3575,1,5
3575,2,5
3575,3,3
3575,4,5
3576,0,3
3576,1,5
3576,2,5
3576,3,3
3576,4,5
3577,0,2
3577,1,5
3577,2,5
3577,4,4
3578,1,5
3578,2,5
3578,4,5
3579,1,5
3579,2,5
3579,3,2
3579,4,6
3580,1,5
3580,2,5
3580,3,2
3580,4,9
3581,1,5
3581,2,5
3581,3,3
3581,4,6
3582,1,5
3582,2,5
3582,3,2
3582,4,5
3583,1,5
3583,2,5
3583,3,5
3583,4,7
3584,0,4
3584,1,5
3584,2,5
3584,3,2
3584,4,6
3585,0,4
3585,1,5
3585,2,5
3585,3,5
3585,4,8
3586,0,7
3586,1,5
3586,2,5
3586,3,2
3586,4,6
3587,0,5
3587,1,5
3587,2,5
3587,4,5
3588,0,6
3588,1,5
3588,2,5
3588,4,9
3589,0,10
3589,1,9
3589,2,11
3589,3,5
3589,4,8
3590,0,6
3590,1,5
3590,2,7
3590,3,2
3590,4,7
3591,0,6
3591,1,5
3591,2,7
3591,3,2
3591,4,8
3592,0,5
3592,1,5
3592,2,7
3592,3,2
3592,4,8
3593,0,2
3593,1,5
3593,2,7
3593,4,5
3594,0,3
3594,1,5
3594,2,7
3594,4,6
3595,0,2
3595,1,5
3595,2,7
3595,4,6
3596,0,2
3596,1,5
3596,2,5
3596,3,4
3596,4,10
3597,1,5
3597,2,5
3597,3,8
3597,4,8
3598,0,2
3598,1,5
3598,2,5
3598,3,4
3598,4,9
3599,0,4
3599,1,5
3599,2,5
3599,3,6
3599,4,6
3600,0,4
3600,1,5
3600,2,5
3600,3,6
3600,4,5
3601,0,4
3601,1,5
3601,2,5
3601,3,3
3601,4,8
3602,0,3
3602,1,5
3602,2,5
3602,3,2
3602,4,3
3603,0,3
3603,1,5
3603,2,5
3603,4,5
3604,0,7
3604,1,5
3604,2,5
3604,4,13
3605,0,3
3605,1,5
3605,2,5
3605,3,2
3605,4,8
3606,0,3
3606,1,5
3606,2,5
3606,3,2
3606,4,9
3619,0,2
3619,1,3
3619,2,3
3619,3,3
3619,4,3
3620,0,2
3620,1,3
3620,2,3
3620,3,3
3620,4,3
3621,0,2
3621,1,3
3621,2,7
3621,3,3
3621,4,5
3622,0,2
3622,1,3
3622,2,7
3622,3,3
3622,4,5
3623,0,2
3623,1,3
3623,2,3
3623,3,3
3623,4,5
3624,0,2
3624,1,3
3624,2,3
3624,3,4
3624,4,5
3625,0,2
3625,1,3
3625,2,3
3625,3,5
3625,4,3
3626,0,2
3626,1,3
3626,2,3
3626,3,5
3626,4,3
3627,0,2
3627,1,3
3627,2,3
3627,3,5
3627,4,3
3628,0,2
3628,1,3
3628,2,3
3628,3,5
3628,4,3
3629,0,2
3629,1,3
3629,2,3
3629,3,5
3629,4,3
3630,0,2
3630,1,3
3630,2,3
3630,3,3
3630,4,3
3631,0,2
3631,1,3
3631,2,3
3631,3,3
3631,4,3
3632,0,2
3632,1,3
3632,2,3
3632,3,3
3632,4,3
3633,0,2
3633,1,3
3633,2,3
3633,3,4
3633,4,2
3634,1,3
3634,2,3
3634,3,4
3634,4,2
3635,0,5
3635,1,3
3635,2,3
3635,3,4
3635,4,7
3636,0,8
3636,1,3
3636,2,3
3636,3,4
3636,4,5
3637,0,10
3637,1,3
3637,2,3
3637,3,4
3637,4,4
3638,0,11
3638,1,3
3638,2,3
3638,3,4
3638,4,7
3639,0,7
3639,1,5
3639,2,5
3639,3,6
3639,4,10
3640,0,7
3640,1,5
3640,2,5
3640,3,4
3640,4,13
3641,0,9
3641,1,5
3641,2,7
3641,3,6
3641,4,8
3642,0,7
3642,1,5
3642,2,9
3642,3,5
3642,4,10
3643,0,9
3643,1,5
3643,2,11
3643,3,6
3643,4,10
3644,0,8
3644,1,5
3644,2,13
3644,3,3
3644,4,9
3645,0,8
3645,1,7
3645,2,15
3645,3,6
3645,4,7
3646,0,7
3646,1,5
3646,2,15
3646,3,4
3646,4,6
3647,0,6
3647,1,5
3647,2,7
3647,3,5
3647,4,9
3648,0,9
3648,1,5
3648,2,7
3648,3,5
3648,4,9
3649,0,9
3649,1,5
3649,2,5
3649,3,8
3649,4,6
3650,0,5
3650,1,7
3650,2,7
3650,3,8
3650,4,8
3651,0,7
3651,1,5
3651,2,7
3651,3,7
3651,4,7
3652,0,7
3652,1,5
3652,2,7
3652,3,7
3652,4,5
3653,0,5
3653,1,7
3653,2,9
3653,3,6
3653,4,5
3654,0,5
3654,1,5
3654,2,7
3654,3,4
3654,4,8
3655,0,6
3655,1,5
3655,2,7
3655,3,4
3655,4,9
3656,0,7
3656,1,5
3656,2,7
3656,3,3
3656,4,9
3657,0,9
3657,1,5
3657,2,5
3657,3,4
3657,4,5
3658,0,7
3658,1,5
3658,2,5
3658,3,5
3658,4,5
3659,0,6
3659,1,5
3659,2,5
3659,3,5
3659,4,5
3660,0,6
3660,1,5
3660,2,5
3660,3,3
3660,4,5
3661,0,5
3661,1,5
3661,2,5
3661,3,3
3661,4,7
3662,0,5
3662,1,5
3662,2,5
3662,3,3
3662,4,3
3663,0,5
3663,1,5
3663,2,5
3663,4,3
3664,0,5
3664,1,5
3664,2,5
3664,4,7
3665,0,5
3665,1,5
3665,2,5
3665,4,7
3666,0,5
3666,1,5
3666,2,5
3666,4,6
3667,0,5
3667,1,5
3667,2,5
3667,4,6
3668,0,8
3668,1,5
3668,2,5
3668,4,7
3669,0,8
3669,1,5
3669,2,5
3669,4,8
3670,0,5
3670,1,5
3670,2,5
3670,4,7
3671,0,9
3671,1,5
3671,2,5
3671,4,11
3672,0,9
3672,1,5
3672,2,5
3672,4,5
3673,0,7
3673,1,9
3673,2,11
3673,3,5
3673,4,15
3674,0,7
3674,1,5
3674,2,7
3674,3,2
3674,4,8
3675,0,7
3675,1,5
3675,2,7
3675,3,2
3675,4,6
3676,0,7
3676,1,5
3676,2,7
3676,4,8
3677,0,5
3677,1,5
3677,2,7
3677,4,6
3678,0,5
3678,1,5
3678,2,7
3678,3,4
3678,4,3
3679,0,5
3679,1,5
3679,2,7
3679,3,4
3679,4,6
3680,0,5
3680,1,5
3680,2,5
3680,3,3
3680,4,6
3681,0,6
3681,1,5
3681,2,5
3681,3,5
3681,4,6
3682,0,6
3682,1,5
3682,2,5
3682,3,5
3682,4,8
3683,0,8
3683,1,5
3683,2,5
3683,3,3
3683,4,7
3684,0,8
3684,1,5
3684,2,5
3684,3,3
3684,4,10
3685,0,6
3685,1,5
3685,2,5
3685,3,3
3685,4,4
3686,0,7
3686,1,5
3686,2,5
3686,4,2
3687,0,7
3687,1,5
3687,2,5
3687,4,3
3688,0,9
3688,1,5
3688,2,5
3688,4,14
3689,0,3
3689,1,5
3689,2,5
3689,4,9
3690,0,3
3690,1,5
3690,2,5
3690,4,9
3703,0,6
3703,1,3
3703,2,3
3703,3,3
3703,4,3
3704,0,6
3704,1,3
3704,2,3
3704,3,3
3704,4,3
3705,0,6
3705,1,3
3705,2,7
3705,3,3
3705,4,4
3706,0,6
3706,1,3
3706,2,3
3706,3,3
3706,4,5
3707,0,6
3707,1,3
3707,2,3
3707,3,3
3707,4,5
3708,0,6
3708,1,3
3708,2,3
3708,3,4
3708,4,5
3709,0,6
3709,1,3
3709,2,3
3709,3,5
3709,4,3
3710,0,6
3710,1,3
3710,2,3
3710,3,5
3710,4,3
3711,0,6
3711,1,3
3711,2,3
3711,3,5
3711,4,3
3712,0,6
3712,1,3
3712,2,3
3712,3,5
3712,4,2
3713,0,6
3713,1,3
3713,2,3
3713,3,3
3713,4,3
3714,0,6
3714,1,3
3714,2,3
3714,3,3
3714,4,3
3715,0,6
3715,1,3
3715,2,3
3715,3,3
3715,4,3
3716,0,6
3716,1,3
3716,2,3
3716,3,3
3716,4,3
3717,0,5
3717,1,3
3717,2,3
3717,3,3
3717,4,2
3718,0,8
3718,1,3
3718,2,3
3718,3,3
3718,4,2
3719,0,11
3719,1,3
3719,2,3
3719,3,3
3719,4,3
3720,0,10
3720,1,3
3720,2,3
3720,3,3
3720,4,4
3721,0,13
3721,1,3
3721,2,3
3721,3,3
3721,4,3
3722,0,16
3722,1,3
3722,2,3
3722,3,3
3722,4,7
3723,0,12
3723,1,7
3723,2,5
3723,3,4
3723,4,5
3724,0,12
3724,1,5
3724,2,5
3724,3,3
3724,4,8
3725,0,10
3725,1,5
3725,2,5
3725,3,5
3725,4,7
3726,0,10
3726,1,5
3726,2,5
3726,3,4
3726,4,7
3727,0,11
3727,1,5
3727,2,5
3727,3,5
3727,4,5
3728,0,14
3728,1,5
3728,2,6
3728,3,6
3728,4,5
3729,0,12
3729,1,7
3729,2,8
3729,3,8
3729,4,3
3730,0,9
3730,1,5
3730,2,8
3730,3,8
3730,4,3
3731,0,11
3731,1,5
3731,2,7
3731,3,9
3731,4,6
3732,0,11
3732,1,5
3732,2,7
3732,3,10
3732,4,5
3733,0,11
3733,1,5
3733,2,5
3733,3,12
3733,4,5
3734,0,9
3734,1,7
3734,2,7
3734,3,13
3734,4,6
3735,0,9
3735,1,5
3735,2,7
3735,3,7
3735,4,7
3736,0,11
3736,1,5
3736,2,7
3736,3,9
3736,4,5
3737,0,9
3737,1,7
3737,2,9
3737,3,8
3737,4,4
3738,0,9
3738,1,5
3738,2,7
3738,3,5
3738,4,3
3739,0,9
3739,1,5
3739,2,7
3739,3,5
3739,4,6
3740,0,9
3740,1,5
3740,2,7
3740,3,5
3740,4,7
3741,0,9
3741,1,5
3741,2,5
3741,3,5
3741,4,3
3742,0,9
3742,1,5
3742,2,5
3742,3,5
3742,4,3
3743,0,9
3743,1,5
3743,2,5
3743,3,5
3743,4,3
3744,0,9
3744,1,5
3744,2,5
3744,3,3
3744,4,4
3745,0,9
3745,1,5
3745,2,5
3745,3,3
3745,4,3
3746,0,9
3746,1,5
3746,2,5
3746,3,3
3746,4,4
3747,0,9
3747,1,5
3747,2,5
3747,4,3
3748,0,9
3748,1,5
3748,2,5
3748,4,6
3749,0,9
3749,1,5
3749,2,5
3749,4,6
3750,0,9
3750,1,5
3750,2,5
3750,4,6
3751,0,12
3751,1,5
3751,2,5
3751,4,3
3752,0,12
3752,1,5
3752,2,5
3752,4,4
3753,0,11
3753,1,5
3753,2,5
3753,4,7
3754,0,11
3754,1,5
3754,2,5
3754,4,10
3755,0,11
3755,1,5
3755,2,5
3755,4,7
3756,0,11
3756,1,5
3756,2,5
3756,4,5
3757,0,11
3757,1,9
3757,2,11
3757,3,5
3757,4,7
3758,0,9
3758,1,5
3758,2,7
3758,3,3
3758,4,6
3759,0,9
3759,1,5
3759,2,7
3759,3,5
3759,4,4
3760,0,11
3760,1,5
3760,2,7
3760,3,4
3760,4,4
3761,0,9
3761,1,5
3761,2,7
3761,3,6
3761,4,6
3762,0,9
3762,1,5
3762,2,7
3762,3,5
3762,4,2
3763,0,9
3763,1,5
3763,2,7
3763,3,5
3764,0,9
3764,1,5
3764,2,5
3764,3,5
3764,4,4
3765,0,9
3765,1,5
3765,2,5
3765,3,5
3765,4,4
3766,0,9
3766,1,5
3766,2,5
3766,3,5
3766,4,6
3767,0,10
3767,1,5
3767,2,5
3767,3,3
3767,4,6
3768,0,10
3768,1,5
3768,2,5
3768,3,3
3768,4,9
3769,0,11
3769,1,5
3769,2,5
3769,3,3
3769,4,4
3770,0,11
3770,1,5
3770,2,5
3771,0,11
3771,1,5
3771,2,5
3771,4,2
3772,0,5
3772,1,5
3772,2,5
3772,4,19
3773,0,5
3773,1,5
3773,2,5
3773,4,7
3774,0,5
3774,1,5
3774,2,5
3774,4,7
3786,0,5
3786,1,3
3786,2,3
3786,3,3
3786,4,3
3787,0,5
3787,1,3
3787,2,3
3787,3,3
3787,4,3
3788,0,5
3788,1,3
3788,2,3
3788,3,3
3788,4,3
3789,0,5
3789,1,3
3789,2,7
3789,3,3
3789,4,3
3790,0,5
3790,1,3
3790,2,3
3790,3,3
3790,4,4
3791,0,5
3791,1,3
3791,2,3
3791,3,3
3791,4,5
3792,0,5
3792,1,3
3792,2,3
3792,3,3
3792,4,3
3793,0,5
3793,1,3
3793,2,3
3793,3,3
3793,4,3
3794,0,5
3794,1,3
3794,2,3
3794,3,3
3794,4,3
3795,0,5
3795,1,3
3795,2,3
3795,3,3
3795,4,3
3796,0,5
3796,1,3
3796,2,3
3796,3,3
3796,4,2
3797,0,5
3797,1,3
3797,2,3
3797,4,2
3798,0,6
3798,1,3
3798,2,3
3798,4,2
3799,0,6
3799,1,3
3799,2,3
3799,4,3
3800,0,7
3800,1,3
3800,2,3
3800,4,2
3801,0,7
3801,1,3
3801,2,3
3801,4,2
3802,0,9
3802,1,3
3802,2,3
3802,4,2
3803,0,11
3803,1,3
3803,2,3
3803,4,3
3804,0,13
3804,1,3
3804,2,3
3804,4,6
3805,0,13
3805,1,3
3805,2,3
3805,4,7
3806,0,12
3806,1,3
3806,2,3
3806,4,9
3807,0,9
3807,1,3
3807,2,5
3807,3,5
3807,4,7
3808,0,9
3808,1,3
3808,2,5
3808,3,5
3808,4,8
3809,0,9
3809,1,3
3809,2,5
3809,3,6
3809,4,8
3810,0,9
3810,1,3
3810,2,5
3810,3,6
3810,4,9
3811,0,9
3811,1,3
3811,2,3
3811,3,7
3811,4,9
3812,0,11
3812,1,3
3812,2,3
3812,3,9
3812,4,4
3813,0,11
3813,1,3
3813,2,3
3813,3,11
3813,4,5
3814,0,9
3814,1,3
3814,2,3
3814,3,11
3814,4,5
3815,0,9
3815,1,3
3815,2,3
3815,3,11
3815,4,9
3816,0,9
3816,1,3
3816,2,3
3816,3,8
3816,4,8
3817,0,7
3817,1,3
3817,2,3
3817,3,7
3817,4,5
3818,0,7
3818,1,3
3818,2,3
3818,3,10
3818,4,9
3819,0,7
3819,1,3
3819,2,3
3819,3,10
3819,4,9
3820,0,7
3820,1,3
3820,2,3
3820,3,10
3820,4,7
3821,0,7
3821,1,3
3821,2,3
3821,3,9
3821,4,6
3822,0,7
3822,1,3
3822,2,3
3822,3,9
3822,4,6
3823,0,7
3823,1,3
3823,2,3
3823,3,7
3823,4,5
3824,0,7
3824,1,3
3824,2,3
3824,3,7
3824,4,8
3825,0,7
3825,1,3
3825,2,3
3825,3,7
3825,4,5
3826,0,7
3826,1,3
3826,2,3
3826,3,7
3826,4,5
3827,0,7
3827,1,3
3827,2,3
3827,3,7
3827,4,5
3828,0,7
3828,1,3
3828,2,3
3828,3,5
3828,4,5
3829,0,7
3829,1,3
3829,2,3
3829,3,5
3829,4,6
3830,0,7
3830,1,3
3830,2,3
3830,3,5
3830,4,3
3831,0,7
3831,1,3
3831,2,3
3831,3,3
3831,4,4
3832,0,7
3832,1,3
3832,2,3
3832,3,3
3832,4,8
3833,0,9
3833,1,3
3833,2,3
3833,3,3
3833,4,6
3834,0,9
3834,1,3
3834,2,3
3834,3,3
3834,4,8
3835,0,9
3835,1,3
3835,2,3
3835,3,3
3835,4,6
3836,0,11
3836,1,3
3836,2,3
3836,3,3
3836,4,5
3837,0,9
3837,1,3
3837,2,3
3837,3,3
3837,4,8
3838,0,9
3838,1,3
3838,2,3
3838,3,3
3838,4,11
3839,0,9
3839,1,3
3839,2,3
3839,3,3
3839,4,8
3840,0,7
3840,1,3
3840,2,3
3840,3,3
3840,4,7
3841,0,7
3841,1,3
3841,2,3
3841,3,5
3841,4,9
3842,0,7
3842,1,3
3842,2,3
3842,3,5
3842,4,7
3843,0,7
3843,1,3
3843,2,3
3843,3,5
3843,4,5
3844,0,7
3844,1,3
3844,2,3
3844,3,5
3844,4,4
3845,0,7
3845,1,3
3845,2,3
3845,3,7
3845,4,6
3846,0,7
3846,1,3
3846,2,3
3846,3,7
3846,4,4
3847,0,7
3847,1,3
3847,2,3
3847,3,7
3847,4,4
3848,0,7
3848,1,3
3848,2,3
3848,3,7
3848,4,3
3849,0,7
3849,1,3
3849,2,3
3849,3,7
3849,4,6
3850,0,7
3850,1,3
3850,2,3
3850,3,7
3850,4,6
3851,0,9
3851,1,3
3851,2,3
3851,3,5
3851,4,8
3852,0,9
3852,1,3
3852,2,3
3852,3,5
3852,4,12
3853,0,9
3853,1,3
3853,2,3
3853,3,5
3853,4,7
3854,0,9
3854,1,3
3854,2,3
3854,3,3
3854,4,3
3855,0,7
3855,1,3
3855,2,3
3855,3,3
3855,4,3
3856,0,3
3856,1,3
3856,2,3
3856,3,3
3856,4,20
3857,0,3
3857,1,3
3857,2,3
3857,3,3
3857,4,10
3858,0,3
3858,1,3
3858,2,3
3858,3,3
3858,4,9
